node1,node2,length,startLat,startLon,endLat,endLon,endNodeL,startNodeL,startYear,endYear,greatCircleDist_km,startGenotype,endGenotype,treeID
802,803,0.00949430617479052,40.943758700069,-73.755824830179,40.9481226697053,-73.7613763300563,0.00949430617479052,0,1998.3517085481,1998.36120285427,0.673736590834005,NY99,NY99,52
803,804,0.00641574776657095,40.9481226697053,-73.7613763300563,40.9455924704893,-73.7431121079798,0.0159100539413615,0.00949430617479052,1998.36120285427,1998.36761860204,1.56136231080246,NY99,NY99,52
804,805,0.00733017213877574,40.9455924704893,-73.7431121079798,40.9536210406012,-73.7577765222702,0.0232402260801372,0.0159100539413615,1998.36761860204,1998.37494877418,1.52286815077546,NY99,NY99,52
805,806,0.144848732878202,40.9536210406012,-73.7577765222702,40.9636295572687,-73.8169872930642,0.168088958958339,0.0232402260801372,1998.37494877418,1998.51979750706,5.10101403953383,NY99,NY99,52
806,762,1.217202492946,40.9636295572687,-73.8169872930642,41.2187243192711,-73.7816331281371,1.38529145190434,0.168088958958339,1998.51979750706,1999.737,28.5526306874574,NY99,NY99,52
806,807,0.477419826638499,40.9636295572687,-73.8169872930642,40.9503794448804,-73.7444575944965,0.645508785596839,0.168088958958339,1998.51979750706,1998.99721733369,6.27358824621409,NY99,NY99,52
807,801,1.527382666307,40.9503794448804,-73.7444575944965,40.6980330535708,-73.7081867085286,2.17289145190384,0.645508785596839,1998.99721733369,2000.5246,28.2578555751426,NY99,NY99,52
807,808,0.02283096020534,40.9503794448804,-73.7444575944965,40.8860223759775,-73.8758887239614,0.668339745802179,0.645508785596839,1998.99721733369,1999.0200482939,13.174540623248,NY99,NY99,52
808,809,0.895358851437699,40.8860223759775,-73.8758887239614,40.9102044569888,-74.3049317502941,1.56369859723988,0.668339745802179,1999.0200482939,1999.91540714534,36.2028472648532,NY99,NY99,52
809,765,0.8031928546638,40.9102044569888,-74.3049317502941,40.9320974516512,-74.3629207084048,2.36689145190368,1.56369859723988,1999.91540714534,2000.7186,5.4528751650503,NY99,NY99,52
809,810,0.112810094145601,40.9102044569888,-74.3049317502941,40.8860717040552,-74.2047548794709,1.67650869138548,1.56369859723988,1999.91540714534,2000.02821723948,8.84733045414079,NY99,NY99,52
810,766,0.638482760518299,40.8860717040552,-74.2047548794709,40.8794094649907,-74.2300609694274,2.31499145190378,1.67650869138548,2000.02821723948,2000.6667,2.25535983324311,NY99,NY99,52
810,811,0.161857317692299,40.8860717040552,-74.2047548794709,43.8709836249965,-73.5948576508166,1.83836600907778,1.67650869138548,2000.02821723948,2000.19007455717,336.052830178636,NY99,NY99,52
811,763,1.522225442826,43.8709836249965,-73.5948576508166,43.9016146885674,-73.7542793481726,3.36059145190378,1.83836600907778,2000.19007455717,2001.7123,13.237614612262,NY99,NY99,52
811,764,1.560625442826,43.8709836249965,-73.5948576508166,43.9618660125654,-73.9487944251636,3.39899145190378,1.83836600907778,2000.19007455717,2001.7507,30.1323177011478,NY99,NY99,52
808,9,1.701251706102,40.8860223759775,-73.8758887239614,41.0035153573223,-74.6870719505125,2.36959145190418,0.668339745802179,1999.0200482939,2000.7213,69.4528801613669,NY99,NY99,52
805,812,0.160960933597202,40.9536210406012,-73.7577765222702,41.0489287847024,-73.7901599272101,0.18420115967734,0.0232402260801372,1998.37494877418,1998.53590970777,10.9533069105329,NY99,NY99,52
812,2,0.464090292226398,41.0489287847024,-73.7901599272101,41.0617340417794,-73.7641736774342,0.648291451903738,0.18420115967734,1998.53590970777,1999,2.60593485946552,NY99,NY99,52
812,1,1.118890292226,41.0489287847024,-73.7901599272101,40.4114157754358,-80.301410313616,1.30309145190334,0.18420115967734,1998.53590970777,1999.6548,553.722340079803,NY99,NY99,52
804,813,0.00192933528170158,40.9455924704893,-73.7431121079798,40.9835148277805,-73.7389494054892,0.0178393892230631,0.0159100539413615,1998.36761860204,1998.36954793732,4.23614121826047,NY99,NY99,52
813,814,0.707541110375502,40.9835148277805,-73.7389494054892,41.0273953019948,-73.749302197107,0.725380499598565,0.0178393892230631,1998.36954793732,1999.0770890477,4.96176671931303,NY99,NY99,52
814,815,1.096878138506,41.0273953019948,-73.749302197107,40.8587529008597,-73.623091363487,1.82225863810456,0.725380499598565,1999.0770890477,2000.1739671862,21.5660947834634,NY99,NY99,52
815,796,1.4507328138,40.8587529008597,-73.623091363487,40.8458101106986,-73.2287746077258,3.27299145190456,1.82225863810456,2000.1739671862,2001.6247,33.234744376502,NY99,NY99,52
815,816,0.5951998658538,40.8587529008597,-73.623091363487,40.7286862172227,-73.4941278208557,2.41745850395836,1.82225863810456,2000.1739671862,2000.76916705206,18.1050148112043,NY99,NY99,52
816,797,0.9103329479456,40.7286862172227,-73.4941278208557,40.7801092378404,-73.2585140300336,3.32779145190396,2.41745850395836,2000.76916705206,2001.6795,20.6774169109911,NY99,NY99,52
816,798,0.934932947945599,40.7286862172227,-73.4941278208557,40.9784905182011,-73.9284885332335,3.35239145190396,2.41745850395836,2000.76916705206,2001.7041,45.9461712762863,NY99,NY99,52
814,817,0.8325879314202,41.0273953019948,-73.749302197107,41.0925347936938,-73.8997307940426,1.55796843101876,0.725380499598565,1999.0770890477,1999.90967697912,14.5612001258791,NY99,NY99,52
817,799,0.8116230208849,41.0925347936938,-73.8997307940426,41.5463318556969,-76.7332515785627,2.36959145190366,1.55796843101876,1999.90967697912,2000.7213,242.221144610713,NY99,NY99,52
817,800,0.0903230208849592,41.0925347936938,-73.8997307940426,41.1307555111814,-74.3600963721828,1.64829145190372,1.55796843101876,1999.90967697912,2000,38.8467075152435,NY99,NY99,52
813,818,0.765730997981201,40.9835148277805,-73.7389494054892,40.8632536855495,-73.6121074105615,0.783570387204264,0.0178393892230631,1998.36954793732,1999.1352789353,17.1192974741345,NY99,NY99,52
818,788,0.864721064699498,40.8632536855495,-73.6121074105615,40.7891469691988,-73.8531060429248,1.64829145190376,0.783570387204264,1999.1352789353,2000,21.9135435133647,NY99,NY99,52
818,819,0.674522208900498,40.8632536855495,-73.6121074105615,40.7416052129494,-73.4958374603898,1.45809259610476,0.783570387204264,1999.1352789353,1999.8098011442,16.7151042792989,NY99,NY99,52
819,820,0.2704652061425,40.7416052129494,-73.4958374603898,40.8824518652418,-73.2715797071732,1.72855780224726,1.45809259610476,1999.8098011442,2000.08026635034,24.5535169516567,NY99,NY99,52
820,821,0.0496515667136705,40.8824518652418,-73.2715797071732,40.8975461317911,-73.2056995409601,1.77820936896093,1.72855780224726,2000.08026635034,2000.12991791706,5.7933390632281,NY99,NY99,52
821,787,1.513882082943,40.8975461317911,-73.2056995409601,44.2811119443375,-79.1696699041479,3.29209145190393,1.77820936896093,2000.12991791706,2001.6438,616.818356222879,NY99,NY99,52
821,822,0.0599362053237122,40.8975461317911,-73.2056995409601,40.8668054095673,-73.1650803669205,1.83814557428465,1.77820936896093,2000.12991791706,2000.18985412238,4.83730281302347,NY99,NY99,52
822,823,0.626483261896098,40.8668054095673,-73.1650803669205,41.8821984852306,-73.0644591761441,2.46462883618074,1.83814557428465,2000.18985412238,2000.81633738428,113.349562524129,NY99,NY99,52
823,824,0.0210810884816208,41.8821984852306,-73.0644591761441,41.84083006646,-73.0517212394439,2.48570992466236,2.46462883618074,2000.81633738428,2000.83741847276,4.72483434122453,NY99,NY99,52
824,825,0.0111782027775202,41.84083006646,-73.0517212394439,41.9592701772128,-72.4648168530616,2.49688812743988,2.48570992466236,2000.83741847276,2000.84859667554,50.3862858625657,NY99,NY99,52
825,826,0.2724805961857,41.9592701772128,-72.4648168530616,42.28666970827,-72.4697789553195,2.76936872362558,2.49688812743988,2000.84859667554,2001.12107727172,36.4496861602471,NY99,NY99,52
826,784,0.7255227282783,42.28666970827,-72.4697789553195,42.4509618266785,-72.6299849145811,3.49489145190388,2.76936872362558,2001.12107727172,2001.8466,22.5418700425569,NY99,NY99,52
826,827,0.05209726024645,42.28666970827,-72.4697789553195,42.6397663179405,-74.148378204874,2.82146598387203,2.76936872362558,2001.12107727172,2001.17317453197,143.346460980982,NY99,NY99,52
824,828,0.155495724133699,41.84083006646,-73.0517212394439,41.8724907338522,-73.0392092345239,2.64120564879606,2.48570992466236,2000.83741847276,2000.99291419689,3.67409991399043,NY99,NY99,52
823,831,0.227349816491001,41.8821984852306,-73.0644591761441,41.6722513718949,-72.9661427735792,2.69197865267174,2.46462883618074,2000.81633738428,2001.04368720077,24.7563318213214,NY99,NY99,52
831,832,0.0784932714751996,41.6722513718949,-72.9661427735792,41.6900452472405,-72.9417206405651,2.77047192414694,2.69197865267174,2001.04368720077,2001.12218047224,2.83671444047866,NY99,NY99,52
832,775,0.497019527756899,41.6900452472405,-72.9417206405651,41.3359513668163,-72.4497418520277,3.26749145190384,2.77047192414694,2001.12218047224,2001.6192,56.8838342120898,NY99,NY99,52
822,786,1.560845877619,40.8668054095673,-73.1650803669205,40.8158899466585,-77.219485837393,3.39899145190364,1.83814557428465,2000.18985412238,2001.7507,341.474930521104,NY99,NY99,52
820,833,0.725798799078602,40.8824518652418,-73.2715797071732,41.1759567208483,-73.6792425087301,2.45435660132586,1.72855780224726,2000.08026635034,2000.80606514942,47.325001809468,NY99,NY99,52
833,834,0.2630423548003,41.1759567208483,-73.6792425087301,41.2724624466898,-73.8702755686781,2.71739895612616,2.45435660132586,2000.80606514942,2001.06910750422,19.2683961680784,NY99,NY99,52
834,835,0.0394160932355998,41.2724624466898,-73.8702755686781,41.2455463494871,-73.847104073933,2.75681504936176,2.71739895612616,2001.06910750422,2001.10852359746,3.56912845352145,NY99,NY99,52
835,768,0.7051764025419,41.2455463494871,-73.847104073933,41.2256862710159,-73.9856868488904,3.46199145190366,2.75681504936176,2001.10852359746,2001.8137,11.810399115577,NY99,NY99,52
835,771,0.601076402541901,41.2455463494871,-73.847104073933,41.7696575817199,-73.5794555603445,3.35789145190367,2.75681504936176,2001.10852359746,2001.7096,62.4669919972699,NY99,NY99,52
834,836,0.0533744202454702,41.2724624466898,-73.8702755686781,41.2348277340179,-73.8085017565957,2.77077337637163,2.71739895612616,2001.06910750422,2001.12248192447,6.65450183341642,NY99,NY99,52
836,772,0.595318075531999,41.2348277340179,-73.8085017565957,41.3849359280548,-73.5907944016193,3.36609145190363,2.77077337637163,2001.12248192447,2001.7178,24.7115862829783,NY99,NY99,52
836,837,0.487256538909099,41.2348277340179,-73.8085017565957,41.0639455184849,-74.9245495270759,3.25802991528073,2.77077337637163,2001.12248192447,2001.60973846338,95.4681199176936,NY99,NY99,52
837,773,0.02866153662311,41.0639455184849,-74.9245495270759,41.0240333005563,-74.8843299618285,3.28669145190384,3.25802991528073,2001.60973846338,2001.6384,5.58078667613673,NY99,NY99,52
837,838,0.3221206629169,41.0639455184849,-74.9245495270759,41.0945218260767,-74.9791988885162,3.58015057819763,3.25802991528073,2001.60973846338,2001.93185912629,5.71116414831419,NY99,NY99,52
833,767,1.024034850578,41.1759567208483,-73.6792425087301,41.1716271395948,-73.8119353276164,3.47839145190386,2.45435660132586,2000.80606514942,2001.8301,11.1294715564185,NY99,NY99,52
819,785,0.903298855799001,40.7416052129494,-73.4958374603898,41.1498053130923,-74.105834371076,2.36139145190376,1.45809259610476,1999.8098011442,2000.7131,68.5264824294297,NY99,NY99,52
803,789,0.638797145729001,40.9481226697053,-73.7613763300563,40.8830543025126,-73.6152537706972,0.648291451903791,0.00949430617479052,1998.36120285427,1999,14.2680244868295,NY99,NY99,52
802,839,0.0219084947555288,40.943758700069,-73.755824830179,40.9546023106514,-73.768517095085,0.0219084947555288,0,1998.3517085481,1998.37361704285,1.61124568690223,NY99,NY99,52
839,840,0.00188397407184482,40.9546023106514,-73.768517095085,40.9478086128618,-73.7595494170723,0.0237924688273736,0.0219084947555288,1998.37361704285,1998.37550101692,1.06794275097133,NY99,NY99,52
840,841,0.5897587403974,40.9478086128618,-73.7595494170723,40.8192749126177,-74.5567253458229,0.613551209224774,0.0237924688273736,1998.37550101692,1998.96525975732,68.6032309019553,NY99,NY99,52
841,842,0.166774393382202,40.8192749126177,-74.5567253458229,40.8075634154605,-74.5792775457184,0.780325602606975,0.613551209224774,1998.96525975732,1999.1320341507,2.30440740942388,NY99,NY99,52
842,843,0.129460089858501,40.8075634154605,-74.5792775457184,40.8260796843218,-74.5662848358867,0.909785692465476,0.780325602606975,1999.1320341507,1999.26149424056,2.33392456842696,NY99,NY99,52
843,795,0.439905759438098,40.8260796843218,-74.5662848358867,40.6201697880291,-74.4802817740058,1.34969145190357,0.909785692465476,1999.26149424056,1999.7014,24.0436891768317,NY99,NY99,52
843,794,0.481005759438297,40.8260796843218,-74.5662848358867,41.0044998165794,-74.5576460399904,1.39079145190377,0.909785692465476,1999.26149424056,1999.7425,19.8757106189765,NY99,NY99,52
841,844,2.060127356699,40.8192749126177,-74.5567253458229,40.7130911331813,-74.6921792374671,2.67367856592378,0.613551209224774,1998.96525975732,2001.02538711402,16.4366676973131,NY99,NY99,52
844,791,0.656812885980399,40.7130911331813,-74.6921792374671,40.3635059438457,-74.9464658588078,3.33049145190417,2.67367856592378,2001.02538711402,2001.6822,44.4676115807755,NY99,NY99,52
844,845,0.0728138948665187,40.7130911331813,-74.6921792374671,40.7198569397185,-74.6943548902459,2.74649246079029,2.67367856592378,2001.02538711402,2001.09820100889,0.775244567581952,NY99,NY99,52
845,790,0.499098991113801,40.7198569397185,-74.6943548902459,40.7492433403817,-74.7834057816661,3.2455914519041,2.74649246079029,2001.09820100889,2001.5973,8.19329634054041,NY99,NY99,52
845,792,0.657998991113901,40.7198569397185,-74.6943548902459,41.8858303241385,-75.1198998997966,3.4044914519042,2.74649246079029,2001.09820100889,2001.7562,134.590473374681,NY99,NY99,52
840,846,0.703518847063101,40.9478086128618,-73.7595494170723,40.977445829825,-73.864364943282,0.727311315890475,0.0237924688273736,1998.37550101692,1999.07901986399,9.4087474471656,NY99,NY99,52
846,847,0.0640730050477103,40.977445829825,-73.864364943282,40.979316853711,-73.9249276898095,0.791384320938185,0.727311315890475,1999.07901986399,1999.14309286903,5.09424038768436,NY99,NY99,52
847,848,0.106595260897201,40.979316853711,-73.9249276898095,40.9362388697975,-74.1006558897701,0.897979581835386,0.791384320938185,1999.14309286903,1999.24968812993,15.5324917189122,NY99,NY99,52
848,19,0.750311870068398,40.9362388697975,-74.1006558897701,41.1241080118336,-74.9434662909789,1.64829145190378,0.897979581835386,1999.24968812993,2000,73.80311598533,NY99,NY99,52
848,849,0.8249357153665,40.9362388697975,-74.1006558897701,41.5936177398018,-77.9539705273075,1.72291529720189,0.897979581835386,1999.24968812993,2000.0746238453,330.608967748004,NY99,NY99,52
849,850,0.100561732603797,41.5936177398018,-77.9539705273075,41.636944984377,-77.9475037457653,1.82347702980568,1.72291529720189,2000.0746238453,2000.1751855779,4.85329241176513,NY99,NY99,52
850,851,0.579918605565201,41.636944984377,-77.9475037457653,41.5515300870264,-77.6418314835544,2.40339563537088,1.82347702980568,2000.1751855779,2000.75510418347,27.167195177753,NY99,NY99,52
851,852,0.0165223775902703,41.5515300870264,-77.6418314835544,48.852407568466,-92.5373287536632,2.41991801296115,2.40339563537088,2000.75510418347,2000.77162656106,1419.29289367917,NY99,NY99,52
852,853,0.00669254568830802,48.852407568466,-92.5373287536632,48.8373075662255,-92.5114378594014,2.42661055864946,2.41991801296115,2000.77162656106,2000.77831910675,2.53449726017037,NY99,NY99,52
853,854,0.0170705953438901,48.8373075662255,-92.5114378594014,48.6839427078896,-89.7396795104079,2.44368115399335,2.42661055864946,2000.77831910675,2000.79538970209,204.110409651638,NY99,NY99,52
854,855,0.05272566268399,48.6839427078896,-89.7396795104079,48.631113173029,-89.8628955181803,2.49640681667734,2.44368115399335,2000.79538970209,2000.84811536477,10.802150900286,NY99,NY99,52
855,856,0.206633933724699,48.631113173029,-89.8628955181803,44.5112495942585,-83.6480693545591,2.70304075040204,2.49640681667734,2000.84811536477,2001.0547492985,660.320747838247,NY99,NY99,52
856,857,0.1263125101464,44.5112495942585,-83.6480693545591,44.5127111840278,-83.6313801978231,2.82935326054844,2.70304075040204,2001.0547492985,2001.18106180865,1.33483069590849,NY99,NY99,52
857,36,0.553138191355499,44.5127111840278,-83.6313801978231,44.389294556154,-84.5329250232431,3.38249145190394,2.82935326054844,2001.18106180865,2001.7342,72.9494925899358,NY99,NY99,52
857,37,0.553138191355499,44.5127111840278,-83.6313801978231,44.3200217716571,-83.524130273983,3.38249145190394,2.82935326054844,2001.18106180865,2001.7342,23.0839707486695,NY99,NY99,52
856,858,0.00110387994362426,44.5112495942585,-83.6480693545591,47.7346725625577,-80.8277311082082,2.70414463034567,2.70304075040204,2001.0547492985,2001.05585317844,419.60491095644,NY99,NY99,52
858,35,0.7414468215581,47.7346725625577,-80.8277311082082,48.4010768415521,-85.2348079695217,3.44559145190377,2.70414463034567,2001.05585317844,2001.7973,336.088541685415,NY99,NY99,52
858,34,0.681146821558201,47.7346725625577,-80.8277311082082,47.6711546083834,-81.0604840464093,3.38529145190387,2.70414463034567,2001.05585317844,2001.737,18.8165713079806,NY99,NY99,52
855,33,0.8532846352264,48.631113173029,-89.8628955181803,48.6917243029274,-89.676883538906,3.34969145190374,2.49640681667734,2000.84811536477,2001.7014,15.2513040183354,NY99,NY99,52
854,38,0.204610297910399,48.6839427078896,-89.7396795104079,49.4675953505261,-97.0103073217319,2.64829145190375,2.44368115399335,2000.79538970209,2001,537.110612359657,NY99,NY99,52
853,859,0.0589495928616195,48.8373075662255,-92.5114378594014,48.8472630963737,-92.4899282642859,2.48556015151108,2.42661055864946,2000.77831910675,2000.83726869961,1.92661213276629,NY99,NY99,52
859,860,0.229486541645899,48.8472630963737,-92.4899282642859,48.8888373392028,-92.4719958332931,2.71504669315698,2.48556015151108,2000.83726869961,2001.06675524125,4.81089196303921,NY99,NY99,52
860,23,0.763344758746701,48.8888373392028,-92.4719958332931,49.0770809181144,-93.8326927319483,3.47839145190368,2.71504669315698,2001.06675524125,2001.8301,101.595758422608,NY99,NY99,52
860,30,0.631844758746702,48.8888373392028,-92.4719958332931,48.9628614160162,-93.3901790949076,3.34689145190368,2.71504669315698,2001.06675524125,2001.6986,67.6625821599456,NY99,NY99,52
859,861,0.763150640425001,48.8472630963737,-92.4899282642859,50.0790046098009,-93.9884156203217,3.24871079193608,2.48556015151108,2000.83726869961,2001.60041934003,174.799567762808,NY99,NY99,52
852,863,0.351050948524399,48.852407568466,-92.5373287536632,48.8223065423807,-92.5579673953953,2.77096896148555,2.41991801296115,2000.77162656106,2001.12267750958,3.67639516939756,NY99,NY99,52
863,29,0.628022490418301,48.8223065423807,-92.5579673953953,50.2117844599148,-91.9195977947533,3.39899145190386,2.77096896148555,2001.12267750958,2001.7507,161.414552512512,NY99,NY99,52
851,864,0.0340588143768308,41.5515300870264,-77.6418314835544,41.5409523968344,-77.6280395717102,2.43745444974772,2.40339563537088,2000.75510418347,2000.78916299784,1.64531394111192,NY99,NY99,52
864,865,0.0743852491956698,41.5409523968344,-77.6280395717102,41.5118257204508,-77.5906102058871,2.51183969894339,2.43745444974772,2000.78916299784,2000.86354824704,4.49942434625517,NY99,NY99,52
865,20,0.837851752960299,41.5118257204508,-77.5906102058871,41.0880489011162,-76.9588028098406,3.34969145190368,2.51183969894339,2000.86354824704,2001.7014,70.835535169568,NY99,NY99,52
864,866,0.269054452847799,41.5409523968344,-77.6280395717102,41.1501334660407,-77.1258555587964,2.70650890259551,2.43745444974772,2000.78916299784,2001.05821745069,60.4513421882227,NY99,NY99,52
866,867,0.0214826201940408,41.1501334660407,-77.1258555587964,41.1649788927147,-77.1600522632504,2.72799152278956,2.70650890259551,2001.05821745069,2001.07970007089,3.30855564473616,NY99,NY99,52
867,22,0.6764999291143,41.1649788927147,-77.1600522632504,43.1155073800364,-73.6769521742128,3.40449145190385,2.72799152278956,2001.07970007089,2001.7562,360.248098204169,NY99,NY99,52
867,868,0.0407521861828286,41.1649788927147,-77.1600522632504,41.193876187681,-77.1668851367236,2.76874370897238,2.72799152278956,2001.07970007089,2001.12045225707,3.26750593105249,NY99,NY99,52
868,31,0.580947742931301,41.193876187681,-77.1668851367236,41.4328082770571,-77.1910313987122,3.34969145190368,2.76874370897238,2001.12045225707,2001.7014,26.6753634581299,NY99,NY99,52
850,869,0.273748011011403,41.636944984377,-77.9475037457653,41.5908160142733,-78.2114692344839,2.09722504081709,1.82347702980568,2000.1751855779,2000.44893358891,22.5619832371828,NY99,NY99,52
869,870,0.663675750440699,41.5908160142733,-78.2114692344839,41.5488066523837,-78.2216129934685,2.76090079125779,2.09722504081709,2000.44893358891,2001.11260933935,4.75234275948964,NY99,NY99,52
870,871,0.187929714034299,41.5488066523837,-78.2216129934685,40.0688572517538,-80.7811291709532,2.94883050529208,2.76090079125779,2001.11260933935,2001.30053905339,271.374050934163,NY99,NY99,52
871,40,0.4172609466117,40.0688572517538,-80.7811291709532,39.2321958533101,-79.3389118658277,3.36609145190378,2.94883050529208,2001.30053905339,2001.7178,154.775326275913,NY99,NY99,52
871,39,0.4473609466118,40.0688572517538,-80.7811291709532,40.0236172145382,-80.6390650398014,3.39619145190388,2.94883050529208,2001.30053905339,2001.7479,13.1126224142752,NY99,NY99,52
849,872,0.700597070929497,41.5936177398018,-77.9539705273075,41.6244055858056,-77.8681166628621,2.42351236813138,1.72291529720189,2000.0746238453,2000.77522091623,7.9255667456657,NY99,NY99,52
872,873,0.00419066555235936,41.6244055858056,-77.8681166628621,43.5277449955021,-71.0958668056137,2.42770303368374,2.42351236813138,2000.77522091623,2000.77941158178,594.004421924423,NY99,NY99,52
873,874,0.3232632279145,43.5277449955021,-71.0958668056137,43.4758884306916,-70.6510173253006,2.75096626159824,2.42770303368374,2000.77941158178,2001.1026748097,36.3820484356908,NY99,NY99,52
874,875,0.5095748378524,43.4758884306916,-70.6510173253006,43.718501211481,-70.8085001015374,3.26054109945064,2.75096626159824,2001.1026748097,2001.61224964755,29.8439902892723,NY99,NY99,52
875,43,0.1247503524532,43.718501211481,-70.8085001015374,37.0556442894173,-77.9861902729674,3.38529145190384,3.26054109945064,2001.61224964755,2001.737,958.67830399954,NY99,NY99,52
875,44,0.1247503524532,43.718501211481,-70.8085001015374,43.6929279787098,-70.8067693784515,3.38529145190384,3.26054109945064,2001.61224964755,2001.737,2.8503163231886,NY99,NY99,52
874,45,0.634325190305599,43.4758884306916,-70.6510173253006,45.7139077091402,-75.0858989047503,3.38529145190384,2.75096626159824,2001.1026748097,2001.737,430.788183264753,NY99,NY99,52
872,47,0.939879083772301,41.6244055858056,-77.8681166628621,48.1228270840371,-90.6036137637882,3.36339145190368,2.42351236813138,2000.77522091623,2001.7151,1235.49109032411,NY99,NY99,52
847,876,0.7921247858492,40.979316853711,-73.9249276898095,40.9505545970121,-73.8347585204579,1.58350910678739,0.791384320938185,1999.14309286903,1999.93521765488,8.22833671248889,NY99,WN02,52
876,877,0.1547666325826,40.9505545970121,-73.8347585204579,40.9357274189074,-73.8511658884309,1.73827573936999,1.58350910678739,1999.93521765488,2000.08998428747,2.15129860915389,WN02,WN02,52
877,878,0.509747791687698,40.9357274189074,-73.8511658884309,39.3478330726526,-75.7320519139979,2.24802353105768,1.73827573936999,2000.08998428747,2000.59973207915,238.459738646693,WN02,WN02,52
878,879,0.519597474369501,39.3478330726526,-75.7320519139979,39.5057737390382,-75.536373026462,2.76762100542718,2.24802353105768,2000.59973207915,2001.11932955352,24.3367785299281,WN02,WN02,52
878,880,0.129590598645201,39.3478330726526,-75.7320519139979,39.815395145225,-79.4915551108726,2.37761412970288,2.24802353105768,2000.59973207915,2000.7293226778,326.709428946942,WN02,WN02,52
880,881,0.0394594823186001,39.815395145225,-79.4915551108726,39.8550377431198,-79.466732722261,2.41707361202148,2.37761412970288,2000.7293226778,2000.76878216012,4.89679786298348,WN02,WN02,52
881,882,0.00595936446708478,39.8550377431198,-79.466732722261,40.3619282261703,-80.9937715816334,2.42303297648857,2.41707361202148,2000.76878216012,2000.77474152459,141.732014625403,WN02,WN02,52
882,883,0.00882433826170725,40.3619282261703,-80.9937715816334,40.5183444684041,-80.9934564276798,2.43185731475028,2.42303297648857,2000.77474152459,2000.78356586285,17.4128821347261,WN02,WN02,52
883,884,0.0423340027727797,40.5183444684041,-80.9934564276798,40.5036475897309,-80.9899947113141,2.47419131752306,2.43185731475028,2000.78356586285,2000.82589986562,1.66214043276505,WN02,WN02,52
884,885,0.0244278171207402,40.5036475897309,-80.9899947113141,40.6065776084278,-81.05591829713,2.4986191346438,2.47419131752306,2000.82589986562,2000.85032768274,12.7432248305959,WN02,WN02,52
885,886,0.2442406311635,40.6065776084278,-81.05591829713,37.3567366507536,-90.5922918624471,2.7428597658073,2.4986191346438,2000.85032768274,2001.0945683139,900.424936854032,WN02,WN02,52
886,231,0.6643316860964,37.3567366507536,-90.5922918624471,37.1777114547258,-90.1096503147439,3.4071914519037,2.7428597658073,2001.0945683139,2001.7589,47.1754467856531,WN02,WN02,52
885,887,0.208918480378301,40.6065776084278,-81.05591829713,40.5675703611806,-81.0855931278503,2.7075376150221,2.4986191346438,2000.85032768274,2001.05924616312,5.01503687588521,WN02,WN02,52
887,888,0.0385128032741093,40.5675703611806,-81.0855931278503,40.4984754352065,-80.974338246152,2.74605041829621,2.7075376150221,2001.05924616312,2001.09775896639,12.1562548631249,WN02,WN02,52
887,889,0.00239326575509224,40.5675703611806,-81.0855931278503,40.5759100695027,-81.1293932009984,2.70993088077719,2.7075376150221,2001.05924616312,2001.06163942887,3.81835441771433,WN02,WN02,52
889,890,0.053028686794292,40.5759100695027,-81.1293932009984,40.8033139629809,-81.2996865663393,2.76295956757148,2.70993088077719,2001.06163942887,2001.11466811567,29.1119520030243,WN02,WN02,52
889,893,0.0322146316301719,40.5759100695027,-81.1293932009984,40.5008700577951,-81.0463565927592,2.74214551240736,2.70993088077719,2001.06163942887,2001.0938540605,10.9150151211998,WN02,WN02,52
893,894,0.8218467535659,40.5008700577951,-81.0463565927592,40.5073005790119,-81.0273440558026,3.56399226597326,2.74214551240736,2001.0938540605,2001.91570081407,1.76137486911026,WN02,WN02,52
893,896,0.0305321390924096,40.5008700577951,-81.0463565927592,40.5052688577282,-80.9972600540227,2.77267765149977,2.74214551240736,2001.0938540605,2001.1243861996,4.18464821629577,WN02,WN02,52
896,897,0.010893126590739,40.5052688577282,-80.9972600540227,40.4676973331595,-80.9942157097739,2.78357077809051,2.77267765149977,2001.1243861996,2001.13527932619,4.19054247099083,WN02,WN02,52
897,899,0.422452874492,40.4676973331595,-80.9942157097739,39.852307728005,-81.9048473807961,3.20602365258251,2.78357077809051,2001.13527932619,2001.55773220068,103.419082916931,WN02,WN02,52
883,901,0.285167931150999,40.5183444684041,-80.9934564276798,40.7135848575159,-80.8387980804144,2.71702524590128,2.43185731475028,2000.78356586285,2001.068733794,25.3616764399674,WN02,WN02,52
901,902,0.0433406074964999,40.7135848575159,-80.8387980804144,40.757391344223,-80.859747890307,2.76036585339778,2.71702524590128,2001.068733794,2001.11207440149,5.18702563979404,WN02,WN02,52
882,904,0.0399309785484601,40.3619282261703,-80.9937715816334,40.3563985872342,-81.0333378680319,2.46296395503703,2.42303297648857,2000.77474152459,2000.81467250313,3.41234447892743,WN02,WN02,52
904,905,0.293939123027101,40.3563985872342,-81.0333378680319,40.3294007617535,-80.7783149179024,2.75690307806413,2.46296395503703,2000.81467250313,2001.10861162616,21.8462285275989,WN02,WN02,52
905,115,0.573588373839598,40.3294007617535,-80.7783149179024,40.3506667565644,-86.9119633395702,3.33049145190373,2.75690307806413,2001.10861162616,2001.6822,520.35878815455,WN02,WN02,52
904,906,0.0356487288075709,40.3563985872342,-81.0333378680319,40.3563256205191,-81.0242991759297,2.4986126838446,2.46296395503703,2000.81467250313,2000.85032123194,0.766816245948386,WN02,WN02,52
906,907,0.132747941259499,40.3563256205191,-81.0242991759297,40.3421227325859,-81.088833421071,2.6313606251041,2.4986126838446,2000.85032123194,2000.9830691732,5.69889626445107,WN02,WN02,52
907,908,0.0731146781071299,40.3421227325859,-81.088833421071,40.3249588904002,-81.0900236188362,2.70447530321123,2.6313606251041,2000.9830691732,2001.05618385131,1.91341295298679,WN02,WN02,52
908,909,0.0544081100692306,40.3249588904002,-81.0900236188362,40.0132204741983,-80.5246694046755,2.75888341328046,2.70447530321123,2001.05618385131,2001.11059196138,59.3068170036099,WN02,WN02,52
909,910,0.0779308304265509,40.0132204741983,-80.5246694046755,40.204536765878,-83.5345499059599,2.83681424370701,2.75888341328046,2001.11059196138,2001.1885227918,257.140886985674,WN02,WN02,52
910,152,0.5840772081967,40.204536765878,-83.5345499059599,39.3485599926711,-85.49214610107,3.42089145190371,2.83681424370701,2001.1885227918,2001.7726,192.690069152279,WN02,WN02,52
908,911,0.0272713491331107,40.3249588904002,-81.0900236188362,40.4310004879623,-81.1671091338694,2.73174665234434,2.70447530321123,2001.05618385131,2001.08345520044,13.4941710847803,WN02,WN02,52
911,912,0.00847524832924584,40.4310004879623,-81.1671091338694,40.4390891784636,-81.1757700390514,2.74022190067359,2.73174665234434,2001.08345520044,2001.09193044877,1.1616351498348,WN02,WN02,52
912,913,0.00396902086398754,40.4390891784636,-81.1757700390514,40.4283889127398,-81.1507688101608,2.74419092153757,2.74022190067359,2001.09193044877,2001.09589946963,2.43040897181298,WN02,WN02,52
913,914,0.0134640559262209,40.4283889127398,-81.1507688101608,40.3769554297587,-81.1250946809409,2.75765497746379,2.74419092153757,2001.09589946963,2001.10936352556,6.12549111716719,WN02,WN02,52
914,915,0.0156312398565888,40.3769554297587,-81.1250946809409,40.2116065912161,-81.1352571268779,2.77328621732038,2.75765497746379,2001.10936352556,2001.12499476542,18.4274871909197,WN02,WN02,52
912,929,0.0278063295769702,40.4390891784636,-81.1757700390514,35.6362399863288,-79.7770209427405,2.76802823025056,2.74022190067359,2001.09193044877,2001.11973677835,548.533987001361,WN02,WN02,52
929,169,0.598063221653,35.6362399863288,-79.7770209427405,37.3450713561782,-87.8188621969395,3.36609145190356,2.76802823025056,2001.11973677835,2001.7178,744.184318639183,WN02,WN02,52
911,930,0.018386342212219,40.4310004879623,-81.1671091338694,40.4021907514477,-81.3136097657716,2.75013299455656,2.73174665234434,2001.08345520044,2001.10184154265,12.8243929527585,WN02,WN02,52
930,931,0.867406381041501,40.4021907514477,-81.3136097657716,40.5360036441176,-81.961066600365,3.61753937559806,2.75013299455656,2001.10184154265,2001.96924792369,56.8206260756352,WN02,WN02,52
881,936,0.0129729146637398,39.8550377431198,-79.466732722261,39.845360611936,-79.4745016637028,2.43004652668522,2.41707361202148,2000.76878216012,2000.78175507478,1.26547785444615,WN02,WN02,52
936,187,0.9771449252185,39.845360611936,-79.4745016637028,39.1479974210361,-80.403926646583,3.40719145190372,2.43004652668522,2000.78175507478,2001.7589,111.361128588813,WN02,WN02,52
936,937,0.785866086175,39.845360611936,-79.4745016637028,39.8802655228165,-79.4023531012937,3.21591261286022,2.43004652668522,2000.78175507478,2001.56762116096,7.28749256881726,WN02,WN02,52
937,938,0.3089122823789,39.8802655228165,-79.4023531012937,39.8912338655821,-78.8880374485907,3.52482489523912,3.21591261286022,2001.56762116096,2001.87653344334,43.9505454846567,WN02,WN02,52
937,939,0.366913982728301,39.8802655228165,-79.4023531012937,39.7148584604505,-79.2290746544041,3.58282659558853,3.21591261286022,2001.56762116096,2001.93453514369,23.6372592870172,WN02,WN02,52
880,941,0.00707264463579094,39.815395145225,-79.4915551108726,39.8139707028906,-79.4474346845121,2.38468677433868,2.37761412970288,2000.7293226778,2000.73639532244,3.77607013923475,WN02,WN02,52
941,942,0.354752008225901,39.8139707028906,-79.4474346845121,39.8076316254202,-79.5777184091802,2.73943878256458,2.38468677433868,2000.73639532244,2001.09114733066,11.1635207225887,WN02,WN02,52
942,943,0.0319756180256192,39.8076316254202,-79.5777184091802,38.7857052027855,-78.212381468485,2.7714144005902,2.73943878256458,2001.09114733066,2001.12312294869,163.635983122586,WN02,WN02,52
943,944,0.777510046359101,38.7857052027855,-78.212381468485,38.7278393581206,-78.1833001234971,3.5489244469493,2.7714144005902,2001.12312294869,2001.90063299505,6.91888807684856,WN02,WN02,52
877,1033,0.6266391221665,40.9357274189074,-73.8511658884309,40.8801719255284,-73.8416571538055,2.36491486153649,1.73827573936999,2000.08998428747,2000.71662340963,6.2361804619945,WN02,WN02,52
1033,1034,0.0242236499612893,40.8801719255284,-73.8416571538055,40.8994194152383,-73.8962389049883,2.38913851149777,2.36491486153649,2000.71662340963,2000.74084705959,5.06863886904387,WN02,WN02,52
1034,1035,0.0370721334090707,40.8994194152383,-73.8962389049883,40.9674999456989,-73.7291209935982,2.42621064490685,2.38913851149777,2000.74084705959,2000.777919193,15.9681667763727,WN02,WN02,52
1035,1036,0.735462757247499,40.9674999456989,-73.7291209935982,41.4019250219242,-73.7336094459949,3.16167340215434,2.42621064490685,2000.777919193,2001.51338195025,48.3633433705789,WN02,WN02,52
1034,1046,0.0201983710668703,40.8994194152383,-73.8962389049883,40.9887303489868,-73.9087606692476,2.40933688256465,2.38913851149777,2000.74084705959,2000.76104543066,9.99803802438075,WN02,WN02,52
1046,1047,0.0076582837285315,40.9887303489868,-73.9087606692476,40.9880827179194,-73.9069856578048,2.41699516629318,2.40933688256465,2000.76104543066,2000.76870371439,0.165668227790444,WN02,WN02,52
1047,1048,0.0424822069882502,40.9880827179194,-73.9069856578048,40.9824169970498,-73.8487908239368,2.45947737328143,2.41699516629318,2000.76870371439,2000.81118592138,4.93096582379722,WN02,WN02,52
1048,1049,0.0116319785846404,40.9824169970498,-73.8487908239368,40.9973268161445,-73.8539528166606,2.47110935186607,2.45947737328143,2000.81118592138,2000.82281789996,1.71556070512611,WN02,WN02,52
1049,1050,0.228475555065101,40.9973268161445,-73.8539528166606,41.0097038763971,-73.885082825151,2.69958490693117,2.47110935186607,2000.82281789996,2001.05129345503,2.9560758106327,WN02,WN02,52
1050,219,0.707606544972499,41.0097038763971,-73.885082825151,36.0570561128273,-80.0042142120799,3.40719145190367,2.69958490693117,2001.05129345503,2001.7589,766.365736677867,WN02,WN02,52
1050,1051,0.387112513334399,41.0097038763971,-73.885082825151,41.3295909668891,-73.1689625686097,3.08669742026557,2.69958490693117,2001.05129345503,2001.43840596836,69.7814583468425,WN02,WN02,52
1051,364,0.3149940316382,41.3295909668891,-73.1689625686097,47.1071214455666,-94.0074652491904,3.40169145190377,3.08669742026557,2001.43840596836,2001.7534,1775.94811220698,WN02,WN02,52
1049,1052,0.2350661785739,40.9973268161445,-73.8539528166606,40.9713376842166,-73.9080108593878,2.70617553043997,2.47110935186607,2000.82281789996,2001.05788407854,5.38595078431184,WN02,WN02,52
1052,1053,0.0212490235927802,40.9713376842166,-73.9080108593878,41.0136122217866,-73.9378204183475,2.72742455403275,2.70617553043997,2001.05788407854,2001.07913310213,5.33123060001117,WN02,WN02,52
1052,1054,0.0169205989370695,40.9713376842166,-73.9080108593878,47.3315854038159,-79.2927809984057,2.72309612937704,2.70617553043997,2001.05788407854,2001.07480467747,827.967792995719,WN02,WN02,52
1054,186,0.566295322526699,47.3315854038159,-79.2927809984057,47.5754484442602,-79.7111534736511,3.28939145190374,2.72309612937704,2001.07480467747,2001.6411,41.5791306602062,WN02,WN02,52
1048,1055,0.222187455529101,40.9824169970498,-73.8487908239368,40.9925678386907,-73.8644338881986,2.68166482881053,2.45947737328143,2000.81118592138,2001.03337337691,1.73348612723504,WN02,WN02,52
1047,1062,0.00850269727679986,40.9880827179194,-73.9069856578048,40.9902014835997,-73.901361769355,2.42549786356998,2.41699516629318,2000.76870371439,2000.77720641167,0.528173471223029,WN02,WN02,52
1062,1063,0.201833071802199,40.9902014835997,-73.901361769355,41.1651994984243,-74.0655368627019,2.62733093537217,2.42549786356998,2000.77720641167,2000.97903948347,23.8608344182184,WN02,WN02,52
1063,1064,0.2246769010343,41.1651994984243,-74.0655368627019,41.2149553363086,-74.1678048635955,2.85200783640648,2.62733093537217,2000.97903948347,2001.2037163845,10.2020458023536,WN02,WN02,52
1064,1065,0.7761233394033,41.2149553363086,-74.1678048635955,41.4384634747724,-74.180014789192,3.62813117580978,2.85200783640648,2001.2037163845,2001.97983972391,24.9027196991559,WN02,WN02,52
1063,1069,0.6265623055147,41.1651994984243,-74.0655368627019,41.2548405947158,-73.6280118526549,3.25389324088687,2.62733093537217,2000.97903948347,2001.60560178898,37.9767653225866,WN02,WN02,52
1069,1070,0.1996350561155,41.2548405947158,-73.6280118526549,41.49735809298,-71.5898075128701,3.45352829700238,3.25389324088687,2001.60560178898,2001.8052368451,172.386280635351,WN02,WN02,52
1062,1073,0.0606558358103086,40.9902014835997,-73.901361769355,40.9925395536335,-73.8858718208949,2.48615369938029,2.42549786356998,2000.77720641167,2000.83786224748,1.32736201283773,WN02,WN02,52
1073,1074,0.2312002447254,40.9925395536335,-73.8858718208949,40.9859099895595,-73.8465042197949,2.71735394410569,2.48615369938029,2000.83786224748,2001.0690624922,3.38942254748014,WN02,WN02,52
1074,1075,0.0431607031079899,40.9859099895595,-73.8465042197949,41.7777280574782,-78.1678392037518,2.76051464721368,2.71735394410569,2001.0690624922,2001.11222319531,371.516956620023,WN02,WN02,52
1075,1083,0.876175999706501,41.7777280574782,-78.1678392037518,41.5435399793867,-78.0463903465135,3.63669064692018,2.76051464721368,2001.11222319531,2001.98839919502,27.9590620194331,WN02,WN02,52
1074,1087,0.0163910546004509,40.9859099895595,-73.8465042197949,40.9825425548066,-73.848689411551,2.73374499870614,2.71735394410569,2001.0690624922,2001.0854535468,0.417438239379535,WN02,WN02,52
1073,1091,0.139968964550601,40.9925395536335,-73.8858718208949,40.9764057143894,-73.8644790895972,2.62612266393089,2.48615369938029,2000.83786224748,2000.97783121203,2.54124447629192,WN02,WN02,52
1091,1092,0.0768345200637093,40.9764057143894,-73.8644790895972,41.094533784188,-73.9318573763715,2.7029571839946,2.62612266393089,2000.97783121203,2001.05466573209,14.3159566527581,WN02,WN02,52
1092,1093,0.0389271755117306,41.094533784188,-73.9318573763715,41.3066016893377,-73.6506908233682,2.74188435950633,2.7029571839946,2001.05466573209,2001.0935929076,33.3464460544423,WN02,WN02,52
1093,1105,0.0139045768690593,41.3066016893377,-73.6506908233682,41.3240705513368,-73.6906245063868,2.75578893637539,2.74188435950633,2001.0935929076,2001.10749748447,3.86404888891413,WN02,WN02,52
1105,1106,0.0103921823169504,41.3240705513368,-73.6906245063868,41.3407318282102,-73.7437605759888,2.76618111869234,2.75578893637539,2001.10749748447,2001.11788966679,4.81346572631693,WN02,WN02,52
1106,1107,0.6846991397242,41.3407318282102,-73.7437605759888,41.3844350253544,-73.9884846680684,3.45088025841654,2.76618111869234,2001.11788966679,2001.80258880651,21.0183412649145,WN02,WN02,52
1092,1111,0.864492186494001,41.094533784188,-73.9318573763715,41.2210373958475,-74.3713035503139,3.5674493704886,2.7029571839946,2001.05466573209,2001.91915791859,39.4329335193769,WN02,WN02,52
1111,1116,0.01703100840834,41.2210373958475,-74.3713035503139,39.5337860679002,-74.4464831376065,3.58448037889694,3.5674493704886,2001.91915791859,2001.93618892699,187.939500679886,WN02,WN02,52
1046,1118,0.0119470345277293,40.9887303489868,-73.9087606692476,40.983859484277,-73.9037593424137,2.42128391709237,2.40933688256465,2000.76104543066,2000.77299246519,0.686051994775471,WN02,WN02,52
1118,1119,0.00847708398008784,40.983859484277,-73.9037593424137,41.0084775005118,-73.8805883554409,2.42976100107246,2.42128391709237,2000.77299246519,2000.78146954917,3.36170485461263,WN02,WN02,52
1119,1120,0.0619815719417804,41.0084775005118,-73.8805883554409,40.9827583212798,-73.9804253829434,2.49174257301424,2.42976100107246,2000.78146954917,2000.84345112111,8.86374716781125,WN02,WN02,52
1119,1129,0.059608414764531,41.0084775005118,-73.8805883554409,40.9431382851904,-73.8349042891474,2.48936941583699,2.42976100107246,2000.78146954917,2000.84107796393,8.2250425201969,WN02,WN02,52
1129,1130,0.056069802355859,40.9431382851904,-73.8349042891474,40.9414643453067,-73.8033431722731,2.54543921819285,2.48936941583699,2000.84107796393,2000.89714776629,2.6605305359257,WN02,WN02,52
1130,1131,0.146747049708599,40.9414643453067,-73.8033431722731,40.9811501190564,-73.8283719199268,2.69218626790145,2.54543921819285,2000.89714776629,2001.043894816,4.89342848212438,WN02,WN02,52
1131,1132,0.00789562209023131,40.9811501190564,-73.8283719199268,40.9846228171528,-73.8033874752028,2.70008188999168,2.69218626790145,2001.043894816,2001.05179043809,2.13496136872685,WN02,WN02,52
1132,1133,0.0658156299803903,40.9846228171528,-73.8033874752028,41.2859028339028,-73.6861160333937,2.76589751997207,2.70008188999168,2001.05179043809,2001.11760606807,34.9512136525826,WN02,WN02,52
1130,1135,0.226462623622,40.9414643453067,-73.8033431722731,41.3640677154217,-77.2217342653905,2.77190184181485,2.54543921819285,2000.89714776629,2001.12361038991,290.353151958145,WN02,WN02,52
1129,1136,0.0192260222354292,40.9431382851904,-73.8349042891474,40.9306817393363,-73.8339714471287,2.50859543807242,2.48936941583699,2000.84107796393,2000.86030398617,1.38892818896498,WN02,WN02,52
1136,1137,0.1123700244584,40.9306817393363,-73.8339714471287,43.0906493465485,-71.8928781093806,2.62096546253082,2.50859543807242,2000.86030398617,2000.97267401063,289.11374080236,WN02,WN02,52
1137,1138,0.123974431915901,43.0906493465485,-71.8928781093806,43.0989752209381,-71.9004105343207,2.74493989444672,2.62096546253082,2000.97267401063,2001.09664844254,1.1108657030603,WN02,WN02,52
1118,1147,0.0616643329573208,40.983859484277,-73.9037593424137,40.9673364682094,-73.8559918234225,2.4829482500497,2.42128391709237,2000.77299246519,2000.83465679815,4.41609090023253,WN02,WN02,52
1147,1148,0.258097150574899,40.9673364682094,-73.8559918234225,40.9708243510294,-73.7254341621076,2.74104540062459,2.4829482500497,2000.83465679815,2001.09275394872,10.9810981217231,WN02,WN02,52
1033,1151,0.0509659144529007,40.8801719255284,-73.8416571538055,40.8826410442775,-73.9481157273308,2.41588077598939,2.36491486153649,2000.71662340963,2000.76758932409,8.96463923668829,WN02,WN02,52
1151,1152,0.0251838617444982,40.8826410442775,-73.9481157273308,40.8814767228637,-73.9695274956175,2.44106463773388,2.41588077598939,2000.76758932409,2000.79277318583,1.80682704632576,WN02,WN02,52
1152,1153,0.0164302288723608,40.8814767228637,-73.9695274956175,40.8641198152531,-73.8787947975315,2.45749486660625,2.44106463773388,2000.79277318583,2000.8092034147,7.87842112443785,WN02,WN02,52
1153,1154,0.00406415140569827,40.8641198152531,-73.8787947975315,40.814680624769,-73.8797688581373,2.46155901801194,2.45749486660625,2000.8092034147,2000.81326756611,5.50437346230634,WN02,WN02,52
1154,1155,0.1595839531296,40.814680624769,-73.8797688581373,40.8735732737454,-73.9440527095598,2.62114297114154,2.46155901801194,2000.81326756611,2000.97285151924,8.50243239079703,WN02,WN02,52
1155,1163,0.1444191542083,40.8735732737454,-73.9440527095598,40.9865103974549,-73.9303197835113,2.76556212534984,2.62114297114154,2000.97285151924,2001.11727067345,12.6255415618866,WN02,WN02,52
1153,1165,0.0163689884354898,40.8641198152531,-73.8787947975315,40.8655299831681,-73.8696842454829,2.47386385504173,2.45749486660625,2000.8092034147,2000.82557240314,0.782911111674205,WN02,WN02,52
1165,1166,0.293812584885,40.8655299831681,-73.8696842454829,40.8922025300285,-73.8866229819337,2.76767643992673,2.47386385504173,2000.82557240314,2001.11938498802,3.29385399516982,WN02,WN02,52
1152,1168,0.00866071494525933,40.8814767228637,-73.9695274956175,40.8827318961844,-73.9459654185874,2.44972535267914,2.44106463773388,2000.79277318583,2000.80143390078,1.98807284655966,WN02,WN02,52
1168,1169,0.018135614557341,40.8827318961844,-73.9459654185874,41.0686349393025,-73.4824115956702,2.46786096723648,2.44972535267914,2000.80143390078,2000.81956951533,44.116231449027,WN02,WN02,52
1169,1170,0.0156772474796192,41.0686349393025,-73.4824115956702,41.1310793542975,-73.4641727655069,2.4835382147161,2.46786096723648,2000.81956951533,2000.83524676281,7.11794633295309,WN02,WN02,52
1170,1171,0.223932554382801,41.1310793542975,-73.4641727655069,42.0295852714926,-72.9610408472152,2.7074707690989,2.4835382147161,2000.83524676281,2001.0591793172,108.444900322139,WN02,WN02,52
1171,1207,0.893357031823001,42.0295852714926,-72.9610408472152,41.8337828813529,-72.5091242198907,3.60082780092191,2.7074707690989,2001.0591793172,2001.95253634902,43.3117472059246,WN02,WN02,52
1169,1208,0.0390368567105899,41.0686349393025,-73.4824115956702,41.1486230450223,-73.358534981951,2.50689782394707,2.46786096723648,2000.81956951533,2000.85860637204,13.6841514650796,WN02,WN02,52
1208,1209,0.0371122062289189,41.1486230450223,-73.358534981951,41.7822616448553,-73.2954581335751,2.54401003017599,2.50689782394707,2000.85860637204,2000.89571857827,70.7350833243959,WN02,WN02,52
1209,1210,0.183136798925201,41.7822616448553,-73.2954581335751,41.6267720750638,-73.2075728359895,2.72714682910119,2.54401003017599,2000.89571857827,2001.0788553772,18.7877568679839,WN02,WN02,52
1210,1211,0.8525970760798,41.6267720750638,-73.2075728359895,41.7922580523618,-73.1288686607579,3.57974390518099,2.72714682910119,2001.0788553772,2001.93145245328,19.5492238202052,WN02,WN02,52
1210,1212,0.00296570662887419,41.6267720750638,-73.2075728359895,41.6777669337836,-73.1578305708928,2.73011253573007,2.72714682910119,2001.0788553772,2001.08182108383,7.02475963619128,WN02,WN02,52
1212,346,0.772978916173699,41.6777669337836,-73.1578305708928,38.7800093270378,-75.596032056534,3.50309145190377,2.73011253573007,2001.08182108383,2001.8548,383.374904971056,WN02,WN02,52
1168,1213,0.526509376980799,40.8827318961844,-73.9459654185874,41.3780267426299,-74.207932607868,2.97623472965994,2.44972535267914,2000.80143390078,2001.32794327776,59.3524735215196,WN02,WN02,52
1151,1214,0.0794602189627582,40.8826410442775,-73.9481157273308,40.8761096050859,-73.9579500081058,2.49534099495214,2.41588077598939,2000.76758932409,2000.84704954305,1.10175619040678,WN02,WN02,52
1214,1215,0.191716848109202,40.8761096050859,-73.9579500081058,40.6909403042186,-75.5613410210981,2.68705784306135,2.49534099495214,2000.84704954305,2001.03876639116,136.714817136125,WN02,WN02,52
1214,1216,0.148721503179601,40.8761096050859,-73.9579500081058,40.8489644991445,-73.9811149629841,2.64406249813175,2.49534099495214,2000.84704954305,2000.99577104623,3.59660534540282,WN02,WN02,52
1216,1217,0.134287192186999,40.8489644991445,-73.9811149629841,40.843409474854,-73.9619212492013,2.77834969031874,2.64406249813175,2000.99577104623,2001.13005823842,1.73061969719755,WN02,WN02,52
1217,1218,0.0749951041550396,40.843409474854,-73.9619212492013,40.8586914556932,-73.8946352270892,2.85334479447378,2.77834969031874,2001.13005823842,2001.20505334257,5.91583556307904,WN02,WN02,52
876,1220,0.0978692700218211,40.9505545970121,-73.8347585204579,40.8352097297711,-73.849495038919,1.68137837680921,1.58350910678739,1999.93521765488,2000.03308692491,12.9003831862099,WN02,WN02,52
1220,1221,0.0537237982237393,40.8352097297711,-73.849495038919,40.865443477884,-73.8816703370291,1.73510217503295,1.68137837680921,2000.03308692491,2000.08681072313,4.3207731774588,WN02,WN02,52
1221,1222,0.0536539167360992,40.865443477884,-73.8816703370291,40.8464293365277,-73.9530767352451,1.78875609176905,1.73510217503295,2000.08681072313,2000.14046463987,6.37418210507283,WN02,WN02,52
1222,1223,0.0627644947279293,40.8464293365277,-73.9530767352451,40.8425273506334,-73.9248951336133,1.85152058649697,1.78875609176905,2000.14046463987,2000.20322913459,2.41274196978592,WN02,WN02,52
1223,1224,0.562633277817302,40.8425273506334,-73.9248951336133,40.7056169520896,-73.7857690090488,2.41415386431428,1.85152058649697,2000.20322913459,2000.76586241241,19.2319645264258,WN02,WN02,52
1224,1225,0.103758160157298,40.7056169520896,-73.7857690090488,40.8034579658351,-73.8873735086528,2.51791202447157,2.41415386431428,2000.76586241241,2000.86962057257,13.8582529169813,WN02,WN02,52
1225,1226,0.6858893202768,40.8034579658351,-73.8873735086528,40.721800689421,-73.233391265817,3.20380134474837,2.51791202447157,2000.86962057257,2001.55550989285,55.8872773566671,WN02,WN02,52
1226,1227,0.352706242777,40.721800689421,-73.233391265817,40.7519225742868,-73.3457667623708,3.55650758752537,3.20380134474837,2001.55550989285,2001.90821613562,10.0547112202635,WN02,WN02,52
1223,1228,0.507531639129901,40.8425273506334,-73.9248951336133,40.8296042180869,-73.7183778022438,2.35905222562688,1.85152058649697,2000.20322913459,2000.71076077372,17.4534801025249,WN02,WN02,52
1228,1229,0.0382808025568195,40.8296042180869,-73.7183778022438,40.628689878352,-73.8586307781697,2.3973330281837,2.35905222562688,2000.71076077372,2000.74904157628,25.30331430799,WN02,WN02,52
1229,1230,0.3414175756003,40.628689878352,-73.8586307781697,41.2809259150178,-74.6668791050829,2.73875060378399,2.3973330281837,2000.74904157628,2001.09045915188,99.446395880013,WN02,WN02,52
1229,1231,0.0135451449368205,40.628689878352,-73.8586307781697,40.6365362026574,-73.8458868137209,2.41087817312052,2.3973330281837,2000.74904157628,2000.76258672122,1.38642191001499,WN02,WN02,52
1231,1232,0.323627867761699,40.6365362026574,-73.8458868137209,40.8062008881856,-73.4883640346426,2.73450604088221,2.41087817312052,2000.76258672122,2001.08621458898,35.5900441748867,WN02,WN02,52
1232,1233,0.774798038605301,40.8062008881856,-73.4883640346426,41.2717273531181,-73.5630049290407,3.50930407948752,2.73450604088221,2001.08621458898,2001.86101262758,52.2018035159184,WN02,WN02,52
1233,1235,0.0228163135915196,41.2717273531181,-73.5630049290407,41.6799634751018,-72.7936075911482,3.53212039307904,3.50930407948752,2001.86101262758,2001.88382894118,78.6355845939894,WN02,WN02,52
1231,1251,1.113792693862,40.6365362026574,-73.8458868137209,40.6885133221299,-73.6338143248092,3.52467086698251,2.41087817312052,2000.76258672122,2001.87637941508,18.8202256769023,WN02,WN02,52
1228,1253,0.351874922131199,40.8296042180869,-73.7183778022438,40.9882586938136,-74.6650467628938,2.71092714775807,2.35905222562688,2000.71076077372,2001.06263569585,81.5806306340872,WN02,WN02,52
1222,1254,0.0209507641706104,40.8464293365277,-73.9530767352451,40.8612727751678,-73.9522218619096,1.80970685593966,1.78875609176905,2000.14046463987,2000.16141540404,1.65399617545614,WN02,WN02,52
1254,1255,0.376456256294698,40.8612727751678,-73.9522218619096,40.8388088690061,-73.9907360036529,2.18616311223435,1.80970685593966,2000.16141540404,2000.53787166033,4.09538742678898,WN02,WN02,52
1255,1256,0.172938107656801,40.8388088690061,-73.9907360036529,40.8461636133961,-74.0136629862563,2.35910121989115,2.18616311223435,2000.53787166033,2000.71080976799,2.0972776453556,WN02,WN02,52
1256,1257,0.0326653038898996,40.8461636133961,-74.0136629862563,40.8603751444875,-74.0399653152884,2.39176652378105,2.35910121989115,2000.71080976799,2000.74347507188,2.72179128444346,WN02,WN02,52
1257,1258,0.3279149041857,40.8603751444875,-74.0399653152884,40.0394361346406,-74.8862683082634,2.71968142796675,2.39176652378105,2000.74347507188,2001.07138997606,116.1545687773,WN02,WN02,52
1258,1259,0.0429923855471106,40.0394361346406,-74.8862683082634,40.1880645016787,-75.0981886222482,2.76267381351387,2.71968142796675,2001.07138997606,2001.11438236161,24.4803432681356,WN02,WN02,52
1259,1260,0.874730390120799,40.1880645016787,-75.0981886222482,40.3789680622722,-74.4252120714676,3.63740420363466,2.76267381351387,2001.11438236161,2001.98911275173,60.9750375014686,WN02,WN02,52
1257,1265,0.323232486122802,40.8603751444875,-74.0399653152884,40.9614032745483,-74.5485683132568,2.71499900990386,2.39176652378105,2000.74347507188,2001.066707558,44.2424370961347,WN02,WN02,52
1265,1266,0.0545967500226396,40.9614032745483,-74.5485683132568,40.9382152567002,-74.5891428043216,2.7695957599265,2.71499900990386,2001.066707558,2001.12130430802,4.27810599029405,WN02,WN02,52
1256,1269,0.0490673140092603,40.8461636133961,-74.0136629862563,40.770416193563,-73.6006689232774,2.40816853390042,2.35910121989115,2000.71080976799,2000.759877082,35.8063916045381,WN02,WN02,52
1269,1270,0.0167200110152397,40.770416193563,-73.6006689232774,40.8968222551627,-73.2602654557762,2.42488854491565,2.40816853390042,2000.759877082,2000.77659709301,31.9388876138293,WN02,WN02,52
1270,1271,0.2650056223659,40.8968222551627,-73.2602654557762,41.1954178886599,-73.3290673993743,2.68989416728155,2.42488854491565,2000.77659709301,2001.04160271538,33.7389973321838,WN02,WN02,52
1271,1272,0.0786924629213708,41.1954178886599,-73.3290673993743,41.199707531467,-73.2709316409603,2.76858663020293,2.68989416728155,2001.04160271538,2001.1202951783,4.89309197665945,WN02,WN02,52
1272,1273,0.299892663999099,41.199707531467,-73.2709316409603,41.1272177093413,-73.6097386985148,3.06847929420202,2.76858663020293,2001.1202951783,2001.4201878423,29.5193455285517,WN02,WN02,52
1269,1277,0.0137782120258496,40.770416193563,-73.6006689232774,40.780781198942,-73.6156987041306,2.42194674592626,2.40816853390042,2000.759877082,2000.77365529402,1.71371998516296,WN02,WN02,52
1277,1278,0.0823701096014293,40.780781198942,-73.6156987041306,40.8366350512279,-73.6936263275319,2.50431685552769,2.42194674592626,2000.77365529402,2000.85602540362,9.04307327075477,WN02,WN02,52
1278,1279,0.1797158053228,40.8366350512279,-73.6936263275319,40.9929430807593,-74.0502539464182,2.68403266085049,2.50431685552769,2000.85602540362,2001.03574120895,34.6825398642064,WN02,WN02,52
1279,1280,0.3605223503153,40.9929430807593,-74.0502539464182,41.0472433541803,-73.9945028592678,3.04455501116579,2.68403266085049,2001.03574120895,2001.39626355926,7.64643421731269,WN02,WN02,52
1280,1281,0.595476901208102,41.0472433541803,-73.9945028592678,40.6549521270169,-74.0315272211569,3.6400319123739,3.04455501116579,2001.39626355926,2001.99174046047,43.7825216523413,WN02,WN02,52
1279,1289,0.00833634320557053,40.9929430807593,-74.0502539464182,40.9864116726779,-74.0497201745834,2.69236900405607,2.68403266085049,2001.03574120895,2001.04407755215,0.728483756061278,WN02,WN02,52
1289,1291,0.0190632500809507,40.9864116726779,-74.0497201745834,41.0259492362399,-74.0546571018411,2.71143225413702,2.69236900405607,2001.04407755215,2001.06314080223,4.4209721619929,WN02,WN02,52
1291,1292,0.0371266321907004,41.0259492362399,-74.0546571018411,41.0357125857893,-74.0533830800843,2.74855888632772,2.71143225413702,2001.06314080223,2001.10026743442,1.09214700254314,WN02,WN02,52
1292,1293,0.0152052563104785,41.0357125857893,-74.0533830800843,40.9488640739954,-73.9526345383462,2.76376414263819,2.74855888632772,2001.10026743442,2001.11547269074,12.8507819597271,WN02,WN02,52
1293,1294,0.00303356562796964,40.9488640739954,-73.9526345383462,40.9486082449257,-73.9577290346104,2.76679770826616,2.76376414263819,2001.11547269074,2001.11850625636,0.429303719413845,WN02,WN02,52
1294,1295,0.811799597493499,40.9486082449257,-73.9577290346104,40.796479279252,-73.6224010382921,3.57859730575966,2.76679770826616,2001.11850625636,2001.93030585386,32.9183254474611,WN02,WN02,52
1295,1296,0.0218339211887209,40.796479279252,-73.6224010382921,40.797476170709,-73.5928177545676,3.60043122694838,3.57859730575966,2001.93030585386,2001.95213977505,2.49561351830513,WN02,WN02,52
1278,1300,0.100928226599102,40.8366350512279,-73.6936263275319,41.7625703226479,-73.5564390610986,2.6052450821268,2.50431685552769,2000.85602540362,2000.95695363022,103.715239059113,WN02,WN02,52
1300,1301,0.0160509606269095,41.7625703226479,-73.5564390610986,41.779476305648,-73.5653816755822,2.62129604275371,2.6052450821268,2000.95695363022,2000.97300459085,2.02320144062287,WN02,WN02,52
1301,1302,0.0131670659258791,41.779476305648,-73.5653816755822,41.6787322889036,-74.5205078864211,2.63446310867958,2.62129604275371,2000.97300459085,2000.98617165678,80.1410504399355,WN02,WN02,52
1302,1303,0.00693995328644093,41.6787322889036,-74.5205078864211,41.6586681117865,-74.481013840554,2.64140306196603,2.63446310867958,2000.98617165678,2000.99311161006,3.9718536524447,WN02,WN02,52
1303,1304,0.0787912731639508,41.6586681117865,-74.481013840554,41.611539193046,-74.6020454209545,2.72019433512998,2.64140306196603,2000.99311161006,2001.07190288323,11.3549094991013,WN02,WN02,52
1304,1305,0.3729443719596,41.611539193046,-74.6020454209545,41.6369946281659,-74.5320232443094,3.09313870708958,2.72019433512998,2001.07190288323,2001.44484725519,6.47953027529582,WN02,WN02,52
1304,1306,0.4712336619274,41.611539193046,-74.6020454209545,41.5364064209231,-74.8670069562654,3.19142799705738,2.72019433512998,2001.07190288323,2001.54313654515,23.5983262466543,WN02,WN02,52
1300,1307,0.102091459989598,41.7625703226479,-73.5564390610986,41.8374551563383,-73.8506210143167,2.70733654211639,2.6052450821268,2000.95695363022,2001.05904509021,25.7979925463724,WN02,WN02,52
1307,1308,0.00293181131563713,41.8374551563383,-73.8506210143167,41.8403456696305,-73.8461572163605,2.71026835343203,2.70733654211639,2001.05904509021,2001.06197690153,0.490519126532096,WN02,WN02,52
1308,1309,0.01074571996228,41.8403456696305,-73.8461572163605,41.8375683655412,-73.8619957352482,2.72101407339431,2.71026835343203,2001.06197690153,2001.07272262149,1.34952230270548,WN02,WN02,52
1309,1310,0.0385754088293417,41.8375683655412,-73.8619957352482,40.0326371848137,-74.3396495719739,2.75958948222365,2.72101407339431,2001.07272262149,2001.11129803032,204.907002158729,WN02,WN02,52
1308,1311,0.0980433610393803,41.8403456696305,-73.8461572163605,41.7302239226214,-73.8190298634562,2.80831171447141,2.71026835343203,2001.06197690153,2001.16002026257,12.4642711810163,WN02,WN02,52
1255,1316,0.205638630224701,40.8388088690061,-73.9907360036529,40.88153804216,-74.3607463954555,2.39180174245906,2.18616311223435,2000.53787166033,2000.74351029056,31.5141306519752,WN02,WN02,52
1316,1317,0.0122451079975097,40.88153804216,-74.3607463954555,40.8666950092279,-74.3855694821602,2.40404685045656,2.39180174245906,2000.74351029056,2000.75575539855,2.66393833919343,WN02,WN02,52
1317,1318,0.2163386073928,40.8666950092279,-74.3855694821602,40.9841378579204,-74.4195344523105,2.62038545784936,2.40404685045656,2000.75575539855,2000.97209400595,13.3826827778585,WN02,WN02,52
1318,1319,0.659815172206899,40.9841378579204,-74.4195344523105,41.0572097139625,-74.7007676221933,3.28020063005626,2.62038545784936,2000.97209400595,2001.63190917815,24.9824680767735,WN02,WN02,52
1318,1323,0.0444380298984903,40.9841378579204,-74.4195344523105,41.2096617195172,-74.6454989679981,2.66482348774785,2.62038545784936,2000.97209400595,2001.01653203584,31.4592687932964,WN02,WN02,52
1323,1324,0.00117900357938261,41.2096617195172,-74.6454989679981,41.2166173212065,-74.6188678638335,2.66600249132724,2.66482348774785,2001.01653203584,2001.01771103942,2.36081734442484,WN02,WN02,52
1324,1325,0.104605773478701,41.2166173212065,-74.6188678638335,41.2396211887505,-74.6798311345968,2.77060826480594,2.66600249132724,2001.01771103942,2001.1223168129,5.71059631260716,WN02,WN02,52
1325,1326,0.519734903714699,41.2396211887505,-74.6798311345968,41.0809777437479,-74.4845316600438,3.29034316852064,2.77060826480594,2001.1223168129,2001.64205171662,24.0797107517241,WN02,WN02,52
1324,1327,0.7783209852289,41.2166173212065,-74.6188678638335,40.7250123121437,-74.5063743316985,3.44432347655614,2.66600249132724,2001.01771103942,2001.79603202465,55.5381979513222,WN02,WN02,52
1317,1329,0.0258516877632591,40.8666950092279,-74.3855694821602,40.7242294699556,-74.8305099642226,2.42989853821982,2.40404685045656,2000.75575539855,2000.78160708632,40.7143682344729,WN02,SW03,52
1329,1330,0.0357114378116705,40.7242294699556,-74.8305099642226,40.7081811116099,-74.8197587400813,2.46560997603149,2.42989853821982,2000.78160708632,2000.81731852413,2.00368803537267,SW03,SW03,52
1330,1331,0.2262037126207,40.7081811116099,-74.8197587400813,41.0427959105619,-75.2824565423823,2.69181368865219,2.46560997603149,2000.81731852413,2001.04352223675,53.8937000236478,SW03,SW03,52
1331,1332,0.0501083352759704,41.0427959105619,-75.2824565423823,39.3982285500022,-77.1020019978757,2.74192202392816,2.69181368865219,2001.04352223675,2001.09363057202,239.653841677867,SW03,SW03,52
1332,1333,0.0246923112847401,39.3982285500022,-77.1020019978757,39.9114932026881,-77.4832659040132,2.76661433521291,2.74192202392816,2001.09363057202,2001.11832288331,65.8226456460637,SW03,SW03,52
1333,1336,0.436855393504599,39.9114932026881,-77.4832659040132,39.8727551350516,-77.4763439902968,3.2034697287175,2.76661433521291,2001.11832288331,2001.55517827681,4.35281053713989,SW03,SW03,52
1336,1337,0.395206955186801,39.8727551350516,-77.4763439902968,39.8935971580109,-77.4394191525975,3.5986766839043,3.2034697287175,2001.55517827681,2001.950385232,3.91573427850052,SW03,SW03,52
1330,1341,0.1165090025866,40.7081811116099,-74.8197587400813,40.7898581745265,-75.0703397300483,2.58211897861809,2.46560997603149,2000.81731852413,2000.93382752672,23.006126567983,SW03,SW03,52
1341,1342,0.0388270712632508,40.7898581745265,-75.0703397300483,40.828778673132,-75.0164554543321,2.62094604988135,2.58211897861809,2000.93382752672,2000.97265459798,6.27591474784365,SW03,SW03,52
1342,1345,0.103073183397699,40.828778673132,-75.0164554543321,43.3529706584223,-75.7585963339506,2.72401923327904,2.62094604988135,2000.97265459798,2001.07572778138,287.60964377069,SW03,SW03,52
1345,1346,0.0245517383135407,43.3529706584223,-75.7585963339506,43.3470491317939,-75.7984222315401,2.74857097159259,2.72401923327904,2001.07572778138,2001.10027951969,3.29068253155968,SW03,SW03,52
1346,1347,0.0147107899922698,43.3470491317939,-75.7984222315401,43.2961231194348,-75.63094862853,2.76328176158485,2.74857097159259,2001.10027951969,2001.11499030968,14.7007800974804,SW03,SW03,52
1347,1348,0.4857035565544,43.2961231194348,-75.63094862853,30.6214450623543,-99.1930758585994,3.24898531813925,2.76328176158485,2001.11499030968,2001.60069386624,2512.55084669192,SW03,SW03,52
1348,1349,0.3596205481489,30.6214450623543,-99.1930758585994,30.9818855428014,-97.3740884206416,3.60860586628815,3.24898531813925,2001.60069386624,2001.96031441439,178.499506957867,SW03,SW03,52
1349,1350,0.0307548661970394,30.9818855428014,-97.3740884206416,35.4160519803836,-95.6885961553807,3.63936073248519,3.60860586628815,2001.96031441439,2001.99106928058,517.969310510009,SW03,SW03,52
1350,1351,0.00130651397808279,35.4160519803836,-95.6885961553807,35.4173212021631,-95.6822901101887,3.64066724646328,3.63936073248519,2001.99106928058,2001.99237579456,0.589301715997092,SW03,SW03,52
1348,1364,0.248791844960399,30.6214450623543,-99.1930758585994,30.7049527071455,-99.5788242952347,3.49777716309965,3.24898531813925,2001.60069386624,2001.8494857112,38.0905505073095,SW03,SW03,52
1364,1365,0.0897242249158996,30.7049527071455,-99.5788242952347,30.7841462609584,-99.6776027665264,3.58750138801555,3.49777716309965,2001.8494857112,2001.93920993611,12.9245473427458,SW03,SW03,52
1364,1371,0.0508328492531103,30.7049527071455,-99.5788242952347,31.2658228099829,-96.6134175120589,3.54861001235276,3.49777716309965,2001.8494857112,2001.90031856045,289.807177304569,SW03,SW03,52
1371,1372,0.0623560483884908,31.2658228099829,-96.6134175120589,31.2797028879498,-96.5740443019878,3.61096606074126,3.54861001235276,2001.90031856045,2001.96267460884,4.0524760558118,SW03,SW03,52
1347,1399,0.187530412080099,43.2961231194348,-75.63094862853,43.1037469161681,-74.9784040217275,2.95081217366495,2.76328176158485,2001.11499030968,2001.30252072176,57.1215089001293,SW03,SW03,52
1346,1400,0.0198420928005696,43.3470491317939,-75.7984222315401,43.3417774582382,-75.793278922468,2.76841306439315,2.74857097159259,2001.10027951969,2001.12012161249,0.719580477210243,SW03,SW03,52
1400,1401,0.0384560764710393,43.3417774582382,-75.793278922468,43.3262781356387,-75.7784961963205,2.80686914086419,2.76841306439315,2001.12012161249,2001.15857768896,2.09999439090546,SW03,SW03,52
1400,1404,0.282809581915899,43.3417774582382,-75.793278922468,43.5226091550957,-75.9144465496478,3.05122264630905,2.76841306439315,2001.12012161249,2001.40293119441,22.3875632996132,SW03,SW03,52
1345,1406,0.0423690195942612,43.3529706584223,-75.7585963339506,43.3613710524748,-75.7511989091269,2.76638825287331,2.72401923327904,2001.07572778138,2001.11809680097,1.11042833580175,SW03,SW03,52
1406,1407,0.4397884630925,43.3613710524748,-75.7511989091269,45.306791164911,-78.7748794514758,3.20617671596581,2.76638825287331,2001.11809680097,2001.55788526406,323.796831695413,SW03,SW03,52
1341,1415,0.1612261595755,40.7898581745265,-75.0703397300483,40.9296057389963,-74.9446733407151,2.74334513819359,2.58211897861809,2000.93382752672,2001.09505368629,18.8142519206974,SW03,SW03,52
1415,1416,0.718174851792201,40.9296057389963,-74.9446733407151,40.6047208529493,-81.7899414530462,3.4615199899858,2.74334513819359,2001.09505368629,2001.81322853808,578.130559093412,SW03,SW03,52
1415,1421,0.888223051112801,40.9296057389963,-74.9446733407151,40.8028756333733,-75.0000464970923,3.6315681893064,2.74334513819359,2001.09505368629,2001.9832767374,14.8583225204979,SW03,SW03,52
1329,1426,0.334453070207701,40.7242294699556,-74.8305099642226,40.5666282612928,-74.7769624098124,2.76435160842752,2.42989853821982,2000.78160708632,2001.11606015652,18.1184148411383,SW03,SW03,52
1316,1430,0.00335825857916916,40.88153804216,-74.3607463954555,40.8855385680505,-74.3856488576856,2.39516000103822,2.39180174245906,2000.74351029056,2000.74686854914,2.14272076564735,WN02,WN02,52
1430,1431,0.00532709870351411,40.8855385680505,-74.3856488576856,40.7362313388364,-73.7749209051822,2.40048709974174,2.39516000103822,2000.74686854914,2000.75219564784,54.0762810193363,WN02,WN02,52
1431,1432,0.0155348887560898,40.7362313388364,-73.7749209051822,41.1892259052954,-73.6614143891899,2.41602198849783,2.40048709974174,2000.75219564784,2000.76773053659,51.3238845301242,WN02,WN02,52
1432,1433,0.3283445692302,41.1892259052954,-73.6614143891899,41.1961352882801,-73.7359769099769,2.74436655772803,2.41602198849783,2000.76773053659,2001.09607510582,6.29336639088945,WN02,WN02,52
1433,1440,0.0165466111068202,41.1961352882801,-73.7359769099769,41.2084164347223,-73.7856988818587,2.76091316883485,2.74436655772803,2001.09607510582,2001.11262171693,4.38332490033456,WN02,WN02,52
1432,1441,0.0344005385894199,41.1892259052954,-73.6614143891899,43.4176735110502,-71.8546554204808,2.45042252708725,2.41602198849783,2000.76773053659,2000.80213107518,289.243395065348,WN02,WN02,52
1441,1442,0.2906649220806,43.4176735110502,-71.8546554204808,43.7099291792973,-72.2349893667802,2.74108744916785,2.45042252708725,2000.80213107518,2001.09279599726,44.7189558437256,WN02,WN02,52
1441,1443,0.399681663382101,43.4176735110502,-71.8546554204808,43.9630624688613,-71.0491211586588,2.85010419046935,2.45042252708725,2000.80213107518,2001.20181273857,88.8296316873429,WN02,WN02,52
1431,1446,0.0307635943287501,40.7362313388364,-73.7749209051822,40.7416269740406,-73.7530911524576,2.43125069407049,2.40048709974174,2000.75219564784,2000.78295924217,1.93681590553808,WN02,WN02,52
1446,1447,0.0342760109910589,40.7416269740406,-73.7530911524576,40.7365808712332,-73.735277757106,2.46552670506155,2.43125069407049,2000.78295924217,2000.81723525316,1.60411704973335,WN02,WN02,52
1447,1448,0.2637799555178,40.7365808712332,-73.735277757106,40.7520467693647,-73.8247355480032,2.72930666057935,2.46552670506155,2000.81723525316,2001.08101520868,7.7390223194607,WN02,WN02,52
1448,1449,0.470564785889001,40.7520467693647,-73.8247355480032,40.8641124564321,-73.5880506952785,3.19987144646835,2.72930666057935,2001.08101520868,2001.55157999457,23.523994633832,WN02,WN02,52
1449,1450,0.0108975954330095,40.8641124564321,-73.5880506952785,40.8321220853424,-73.5544406752705,3.21076904190136,3.19987144646835,2001.55157999457,2001.56247759,4.54901001072299,WN02,WN02,52
1449,1451,0.3980085213691,40.8641124564321,-73.5880506952785,41.8330586051005,-71.385436659385,3.59787996783745,3.19987144646835,2001.55157999457,2001.94958851593,213.341206064136,WN02,WN02,52
1448,1452,0.0699399598948105,40.7520467693647,-73.8247355480032,41.0266074909869,-73.641517435865,2.79924662047416,2.72930666057935,2001.08101520868,2001.15095516857,34.2342241330439,WN02,WN02,52
1452,1453,0.254403515196101,41.0266074909869,-73.641517435865,41.0179062212078,-73.8249443721626,3.05365013567026,2.79924662047416,2001.15095516857,2001.40535868377,15.4362309425846,WN02,WN02,52
1447,1454,0.154654188969801,40.7365808712332,-73.735277757106,40.7848796294553,-73.8688351189101,2.62018089403135,2.46552670506155,2000.81723525316,2000.97188944213,12.4794640232629,WN02,WN02,52
1454,1455,0.0944923009092093,40.7848796294553,-73.8688351189101,40.8206089031477,-73.5499594582376,2.71467319494056,2.62018089403135,2000.97188944213,2001.06638174304,27.1638277721479,WN02,WN02,52
1454,1457,0.1446727070521,40.7848796294553,-73.8688351189101,40.9984778288188,-74.0740181015745,2.76485360108345,2.62018089403135,2000.97188944213,2001.11656214918,29.3866581737891,WN02,WN02,52
1457,1458,0.805803665884099,40.9984778288188,-74.0740181015745,40.9586060154956,-74.0724394619935,3.57065726696755,2.76485360108345,2001.11656214918,2001.92236581506,4.44066708083453,WN02,WN02,52
1458,1459,0.0206228091766505,40.9586060154956,-74.0724394619935,45.0193932194847,-72.6481308934616,3.5912800761442,3.57065726696755,2001.92236581506,2001.94298862424,466.68208819242,WN02,WN02,52
1446,1461,0.000303852468439558,40.7416269740406,-73.7530911524576,40.7390896794188,-73.7625698012637,2.43155454653893,2.43125069407049,2000.78295924217,2000.78326309464,0.84792813231275,WN02,WN02,52
1461,1462,0.331905074276699,40.7390896794188,-73.7625698012637,40.8216000442331,-73.9626695975854,2.76345962081563,2.43155454653893,2000.78326309464,2001.11516816891,19.2065350896564,WN02,WN02,52
1462,1463,0.233413491636099,40.8216000442331,-73.9626695975854,41.1470621830784,-73.932979128761,2.99687311245173,2.76345962081563,2001.11516816891,2001.34858166055,36.3175158192222,WN02,WN02,52
1430,1467,0.0183428537581989,40.8855385680505,-74.3856488576856,40.7600772326941,-74.4115684529567,2.41350285479642,2.39516000103822,2000.74686854914,2000.76521140289,14.1364948011136,WN02,WN02,52
1467,1468,1.151387371308,40.7600772326941,-74.4115684529567,40.535388536821,-74.4492941958207,3.56489022610442,2.41350285479642,2000.76521140289,2001.9165987742,25.2153650550296,WN02,WN02,52
1467,1471,1.027708689034,40.7600772326941,-74.4115684529567,33.0780557291648,-109.749805886027,3.44121154383042,2.41350285479642,2000.76521140289,2001.79292009193,3235.4208621121,WN02,WN02,52
1254,1475,0.5891629394298,40.8612727751678,-73.9522218619096,40.9517447470954,-73.8618583059774,2.39886979536946,1.80970685593966,2000.16141540404,2000.75057834347,12.6191221415952,WN02,WN02,52
1475,1476,0.2935436076976,40.9517447470954,-73.8618583059774,41.483864366558,-76.301243678408,2.69241340306706,2.39886979536946,2000.75057834347,2001.04412195116,212.678730238669,WN02,WN02,52
1475,1477,0.2223609384244,40.9517447470954,-73.8618583059774,40.998248106107,-74.0793407193473,2.62123073379385,2.39886979536946,2000.75057834347,2000.97293928189,18.9981383331228,WN02,WN02,52
1477,1478,0.1454351450137,40.998248106107,-74.0793407193473,46.0201937305342,-87.0510850558239,2.76666587880755,2.62123073379385,2000.97293928189,2001.1183744269,1185.16653976987,WN02,WN02,52
1478,1479,0.8434749786487,46.0201937305342,-87.0510850558239,29.0734231058199,-81.0641790767649,3.61014085745625,2.76666587880755,2001.1183744269,2001.96184940555,1957.7158917886,WN02,WN02,52
1477,1480,0.0851888820852604,40.998248106107,-74.0793407193473,40.9830943126067,-74.070830747917,2.70641961587912,2.62123073379385,2000.97293928189,2001.05812816398,1.83227855232654,WN02,WN02,52
1480,1481,0.0389959765279801,40.9830943126067,-74.070830747917,41.00847788445,-74.0083637126024,2.7454155924071,2.70641961587912,2001.05812816398,2001.0971241405,5.96098610737138,WN02,WN02,52
1481,1482,0.000852000088929827,41.00847788445,-74.0083637126024,41.0094602522557,-74.0101383885352,2.74626759249603,2.7454155924071,2001.0971241405,2001.09797614059,0.184893378498263,WN02,WN02,52
1482,1483,0.0132702544071801,41.0094602522557,-74.0101383885352,43.3112829579529,-82.7789677713992,2.75953784690321,2.74626759249603,2001.09797614059,2001.111246395,767.184946044412,WN02,WN02,52
1483,1484,0.0114934160373394,43.3112829579529,-82.7789677713992,43.4060274118002,-82.8898738958823,2.77103126294054,2.75953784690321,2001.111246395,2001.12273981104,13.8502099314975,WN02,WN02,52
1484,1485,0.7910300097247,43.4060274118002,-82.8898738958823,51.3154891718302,-99.219750761891,3.56206127266524,2.77103126294054,2001.12273981104,2001.91376982076,1508.37009328054,WN02,WN02,52
1485,1486,0.0478115434654303,51.3154891718302,-99.219750761891,36.9027819152769,-89.8154719448239,3.60987281613068,3.56206127266524,2001.91376982076,2001.96158136423,1768.43755022921,WN02,WN02,52
1484,757,0.5375601889632,43.4060274118002,-82.8898738958823,43.3073899664184,-83.2888734621325,3.30859145190374,2.77103126294054,2001.12273981104,2001.6603,34.1118107749663,WN02,WN02,52
1221,1488,0.660736002478099,40.865443477884,-73.8816703370291,40.7183542642696,-74.073542530469,2.39583817751105,1.73510217503295,2000.08681072313,2000.74754672561,23.0138589042217,WN02,WN02,52
1488,1489,0.312944520043299,40.7183542642696,-74.073542530469,40.7858505609643,-74.0725804766574,2.70878269755434,2.39583817751105,2000.74754672561,2001.06049124565,7.51438706591008,WN02,WN02,52
1489,1490,0.0466345469446505,40.7858505609643,-74.0725804766574,40.5834202275901,-73.8560077080716,2.75541724449899,2.70878269755434,2001.06049124565,2001.1071257926,29.0188555853707,WN02,WN02,52
1488,1492,0.106904937760699,40.7183542642696,-74.073542530469,40.715009599822,-74.0803601444114,2.50274311527174,2.39583817751105,2000.74754672561,2000.85445166337,0.685239075154051,WN02,WN02,52
1492,1493,0.0165797146808497,40.715009599822,-74.0803601444114,40.6038382777288,-73.9468026972719,2.51932282995259,2.50274311527174,2000.85445166337,2000.87103137805,16.7445352774664,WN02,WN02,52
1493,1494,0.253929984175,40.6038382777288,-73.9468026972719,40.6560437339956,-74.0885254972792,2.77325281412759,2.51932282995259,2000.87103137805,2001.12496136222,13.3096497415053,WN02,WN02,52
1494,1495,0.5630243175533,40.6560437339956,-74.0885254972792,40.6095383288251,-73.9787836411695,3.33627713168089,2.77325281412759,2001.12496136222,2001.68798567978,10.618921088106,WN02,WN02,52
1492,1505,0.00491852448825547,40.715009599822,-74.0803601444114,40.7353910304127,-74.0194235952114,2.50766163976,2.50274311527174,2000.85445166337,2000.85937018786,5.61943139079024,WN02,WN02,52
1505,1506,0.00593721694534288,40.7353910304127,-74.0194235952114,40.7362008559672,-74.0429955645957,2.51359885670534,2.50766163976,2000.85937018786,2000.8653074048,1.99041091787505,WN02,WN02,52
1506,1507,0.250069339347199,40.7362008559672,-74.0429955645957,40.6454769050923,-74.1626675495172,2.76366819605254,2.51359885670534,2000.8653074048,2001.11537674415,14.2844452876775,WN02,WN02,52
1506,1508,0.1849178950759,40.7362008559672,-74.0429955645957,40.9019528840518,-73.9663642037414,2.69851675178124,2.51359885670534,2000.8653074048,2001.05022529988,19.548960580885,WN02,WN02,52
1508,1509,0.0731136690704499,40.9019528840518,-73.9663642037414,40.8919039664409,-73.9323250843336,2.77163042085169,2.69851675178124,2001.05022529988,2001.12333896895,3.07504337312394,WN02,WN02,52
1509,1510,0.875816993845099,40.8919039664409,-73.9323250843336,41.2133979794161,-73.5503821497339,3.64744741469679,2.77163042085169,2001.12333896895,2001.99915596279,48.0522505651492,WN02,WN02,52
1505,1511,0.1400420566821,40.7353910304127,-74.0194235952114,40.7303057128417,-74.2361733488954,2.6477036964421,2.50766163976,2000.85937018786,2000.99941224454,18.2930764737379,WN02,WN02,52
1511,1512,0.0423267305992603,40.7303057128417,-74.2361733488954,40.6888651969577,-74.331114841893,2.69003042704136,2.6477036964421,2000.99941224454,2001.04173897514,9.24505372833833,WN02,WN02,52
1512,1513,0.0645467983954688,40.6888651969577,-74.331114841893,40.6473503870498,-74.358350748768,2.75457722543683,2.69003042704136,2001.04173897514,2001.10628577353,5.162172274719,WN02,WN02,52
1512,1514,0.032794871622329,40.6888651969577,-74.331114841893,40.6807558513517,-74.2874806052126,2.72282529866369,2.69003042704136,2001.04173897514,2001.07453384676,3.79251441856334,WN02,WN02,52
1514,688,0.6843661532401,40.6807558513517,-74.2874806052126,37.0871064039484,-81.6433538914851,3.40719145190379,2.72282529866369,2001.07453384676,2001.7589,752.168607139693,WN02,WN02,52
1511,1516,0.099324329326409,40.7303057128417,-74.2361733488954,40.7153050288776,-74.2142233756932,2.74702802576851,2.6477036964421,2000.99941224454,2001.09873657387,2.49364158347721,WN02,WN02,52
1516,1517,0.0218052708892511,40.7153050288776,-74.2142233756932,40.7252169941797,-74.1897924741633,2.76883329665776,2.74702802576851,2001.09873657387,2001.12054184475,2.33806455232285,WN02,WN02,52
1220,1518,0.740203167427799,40.8352097297711,-73.849495038919,40.7969583929319,-73.6430271512029,2.42158154423701,1.68137837680921,2000.03308692491,2000.77329009233,17.9087871105038,WN02,WN02,52
1518,1519,0.2173300329419,40.7969583929319,-73.6430271512029,43.2328191903985,-102.941277237095,2.63891157717891,2.42158154423701,2000.77329009233,2000.99062012528,2425.86168137035,WN02,WN02,52
1519,1520,0.00379927856757867,43.2328191903985,-102.941277237095,43.26617089653,-102.958886908582,2.64271085574648,2.63891157717891,2000.99062012528,2000.99441940384,3.977947711758,WN02,WN02,52
1520,1521,0.0364203697741097,43.26617089653,-102.958886908582,43.1398175812508,-102.696062388077,2.67913122552059,2.64271085574648,2000.99441940384,2001.03083977362,25.5484087458013,WN02,WN02,52
1519,1523,0.1018157900946,43.2328191903985,-102.941277237095,42.8057995472485,-103.575454894122,2.74072736727351,2.63891157717891,2000.99062012528,2001.09243591537,70.1714879337693,WN02,WN02,52
1523,1524,0.0216200875564692,42.8057995472485,-103.575454894122,45.4882249576903,-109.434893313761,2.76234745482997,2.74072736727351,2001.09243591537,2001.11405600293,554.982021267853,WN02,WN02,52
1524,1525,0.7091606082839,45.4882249576903,-109.434893313761,45.8482988116477,-105.17443515413,3.47150806311388,2.76234745482997,2001.11405600293,2001.82321661121,333.813970980067,WN02,WN02,52
1525,1526,0.0018656859035584,45.8482988116477,-105.17443515413,45.849367581713,-105.164482727216,3.47337374901743,3.47150806311388,2001.82321661121,2001.82508229711,0.780859420954695,WN02,WN02,52
1526,1527,0.0230473646992397,45.849367581713,-105.164482727216,45.8635116241646,-105.15909973967,3.49642111371667,3.47337374901743,2001.82508229711,2001.84812966181,1.62894309013744,WN02,WN02,52
1527,1528,0.0303415261064295,45.8635116241646,-105.15909973967,46.1324074308946,-105.317060372548,3.5267626398231,3.49642111371667,2001.84812966181,2001.87847118792,32.3311295052835,WN02,WN02,52
1527,1541,0.1266941899377,45.8635116241646,-105.15909973967,45.8891033558682,-105.096327839047,3.62311530365437,3.49642111371667,2001.84812966181,2001.97482385175,5.63791034666799,WN02,WN02,52
1525,1559,0.063188947087399,45.8482988116477,-105.17443515413,45.8301075108585,-105.160266013529,3.53469701020127,3.47150806311388,2001.82321661121,2001.8864055583,2.30406945779191,WN02,WN02,52
1559,1560,0.0451574695599408,45.8301075108585,-105.160266013529,45.8560501585115,-105.213334847494,3.57985447976121,3.53469701020127,2001.8864055583,2001.93156302786,5.02776972238614,WN02,WN02,52
846,48,1.472880136013,40.977445829825,-73.864364943282,41.0161353317605,-74.0116938480549,2.20019145190347,0.727311315890475,1999.07901986399,2000.5519,13.1066602999884,NY99,NY99,52
839,1587,0.639645827133702,40.9546023106514,-73.768517095085,41.0336091705995,-73.7451640084853,0.661554321889231,0.0219084947555288,1998.37361704285,1999.01326286999,9.01157823686484,NY99,NY99,52
1587,1588,0.1154618332978,41.0336091705995,-73.7451640084853,41.1001014607962,-73.6957380851571,0.777016155187031,0.661554321889231,1999.01326286999,1999.12872470328,8.48537417972922,NY99,NY99,52
1588,1589,0.750355713656699,41.1001014607962,-73.6957380851571,42.9629126688974,-75.1264974427487,1.52737186884373,0.777016155187031,1999.12872470328,1999.87908041694,238.739811702971,NY99,NY99,52
1589,3,0.120919583060001,42.9629126688974,-75.1264974427487,42.9655428999054,-75.086614633095,1.64829145190373,1.52737186884373,1999.87908041694,2000,3.26220100521779,NY99,NY99,52
1589,1590,0.274710484212399,42.9629126688974,-75.1264974427487,42.9618023575734,-75.112263028315,1.80208235305613,1.52737186884373,1999.87908041694,2000.15379090115,1.16620367910101,NY99,NY99,52
1590,1591,0.570476448279601,42.9618023575734,-75.112263028315,42.9900566507775,-75.0172747509365,2.37255880133573,1.80208235305613,2000.15379090115,2000.72426734943,8.35164286747462,NY99,NY99,52
1591,1592,0.3762476777939,42.9900566507775,-75.0172747509365,44.3643579640052,-72.9738393281603,2.74880647912963,2.37255880133573,2000.72426734943,2001.10051502723,224.653269730918,NY99,NY99,52
1590,4,1.544809098848,42.9618023575734,-75.112263028315,42.9979057727807,-74.9670437595415,3.34689145190413,1.80208235305613,2000.15379090115,2001.6986,12.4914619272369,NY99,NY99,52
1587,1593,0.00488741914019286,41.0336091705995,-73.7451640084853,41.0232782132546,-73.7401829508819,0.666441741029423,0.661554321889231,1999.01326286999,1999.01815028913,1.22379551224732,NY99,NY99,52
1593,1594,0.147729087709198,41.0232782132546,-73.7401829508819,41.0655802729989,-73.7748865250799,0.814170828738622,0.666441741029423,1999.01815028913,1999.16587937684,5.53774890759525,NY99,NY99,52
1594,1595,1.086224404122,41.0655802729989,-73.7748865250799,41.066062251697,-73.7791350090915,1.90039523286062,0.814170828738622,1999.16587937684,2000.25210378096,0.360603178159331,NY99,NY99,52
1595,1596,0.329973500519497,41.066062251697,-73.7791350090915,41.017962799172,-73.927735344924,2.23036873338012,1.90039523286062,2000.25210378096,2000.58207728148,13.5774786445588,NY99,NY99,52
1596,1597,0.398473028462302,41.017962799172,-73.927735344924,40.7998736744784,-73.9557435495816,2.62884176184242,2.23036873338012,2000.58207728148,2000.98055030994,24.3926116237694,NY99,NY99,52
1597,1598,0.135627159693399,40.7998736744784,-73.9557435495816,40.8467630395774,-74.099885737794,2.76446892153582,2.62884176184242,2000.98055030994,2001.11617746963,13.2172468826882,NY99,NY99,52
1598,14,0.582422530367399,40.8467630395774,-74.099885737794,40.8175114187748,-74.3918200579509,3.34689145190322,2.76446892153582,2001.11617746963,2001.6986,24.8045345926021,NY99,NY99,52
1597,12,0.704349690060798,40.7998736744784,-73.9557435495816,40.9165349872905,-73.365130166469,3.33319145190322,2.62884176184242,2000.98055030994,2001.6849,51.3960752928881,NY99,NY99,52
1596,15,0.0846227185231321,41.017962799172,-73.927735344924,41.0359749997212,-73.8659108783275,2.31499145190325,2.23036873338012,2000.58207728148,2000.6667,5.56593533923998,NY99,NY99,52
1595,1599,0.869848959140999,41.066062251697,-73.7791350090915,41.0740897294404,-73.7620315584229,2.77024419200162,1.90039523286062,2000.25210378096,2001.1219527401,1.69089956301846,NY99,NY99,52
1599,1600,0.000992594807554426,41.0740897294404,-73.7620315584229,40.9936961531633,-73.6900388637521,2.77123678680918,2.77024419200162,2001.1219527401,2001.12294533491,10.8002668741076,NY99,NY99,52
1593,1601,0.116441636776099,41.0232782132546,-73.7401829508819,40.7559927073991,-73.6149875946001,0.782883377805522,0.666441741029423,1999.01815028913,1999.1345919259,31.565570464329,NY99,NY99,52
1601,10,0.569508074098099,40.7559927073991,-73.6149875946001,40.8111706739563,-73.7061074125274,1.35239145190362,0.782883377805522,1999.1345919259,1999.7041,9.83489620397473,NY99,NY99,52
