node1,node2,length,startLat,startLon,endLat,endLon,endNodeL,startNodeL,startYear,endYear,treeID,startGenotype,endGenotype
802,803,0.0520691389719516,40.8622704761468,-73.6495025872622,40.880006419863,-73.6664638088359,0.0520691389719516,0,1998.0687010407,1998.12077017968,61,NY99,NY99
802,830,0.0507675565190411,40.8622704761468,-73.6495025872622,40.8640555548688,-73.6466523928251,0.0507675565190411,0,1998.0687010407,1998.11946859722,61,NY99,NY99
803,28,1.534029820323,40.880006419863,-73.6664638088359,42.860541,-75.354501,1.58609895929495,0.0520691389719516,1998.12077017968,1999.6548,61,NY99,NY99
803,804,0.000942830967652242,40.880006419863,-73.6664638088359,40.9900628134657,-73.9080720241251,0.0530119699396039,0.0520691389719516,1998.12077017968,1998.12171301064,61,NY99,NY99
804,805,0.00312059448845758,40.9900628134657,-73.9080720241251,40.9738589427786,-73.8613470551278,0.0561325644280615,0.0530119699396039,1998.12171301064,1998.12483360513,61,NY99,NY99
804,809,0.8510225225053,40.9900628134657,-73.9080720241251,40.9845008985947,-73.8167943188867,0.904034492444904,0.0530119699396039,1998.12171301064,1998.97273553315,61,NY99,NY99
805,806,0.174929499136503,40.9738589427786,-73.8613470551278,40.9461501184643,-73.8454054449514,0.231062063564565,0.0561325644280615,1998.12483360513,1998.29976310427,61,NY99,NY99
805,808,0.0895348245133505,40.9738589427786,-73.8613470551278,40.9085591840175,-72.5459183384614,0.145667388941412,0.0561325644280615,1998.12483360513,1998.21436842965,61,NY99,NY99
806,1,1.40433689573,40.9461501184643,-73.8454054449514,40.799216,-73.899889,1.63539895929456,0.231062063564565,1998.29976310427,1999.7041,61,NY99,NY99
806,807,1.571609930632,40.9461501184643,-73.8454054449514,40.9330418407663,-73.9921569505334,1.80267199419656,0.231062063564565,1998.29976310427,1999.8713730349,61,NY99,NY99
807,2,0.849926965098101,40.9330418407663,-73.9921569505334,41.254273,-72.756853,2.65259895929466,1.80267199419656,1999.8713730349,2000.7213,61,NY99,NY99
807,3,0.128626965098203,40.9330418407663,-73.9921569505334,40.92864,-73.937065,1.93129895929476,1.80267199419656,1999.8713730349,2000,61,NY99,NY99
808,5,2.506931570353,40.9085591840175,-72.5459183384614,41.213122,-72.653052,2.65259895929441,0.145667388941412,1998.21436842965,2000.7213,61,NY99,NY99
809,810,0.836924078009197,40.9845008985947,-73.8167943188867,40.9611637814217,-73.9238140580536,1.7409585704541,0.904034492444904,1998.97273553315,1999.80965961116,61,NY99,NY99
809,27,1.02726446685,40.9845008985947,-73.8167943188867,41.260923,-74.05963,1.9312989592949,0.904034492444904,1998.97273553315,2000,61,NY99,NY99
810,828,0.432815517398002,40.9611637814217,-73.9238140580536,41.030329835079,-73.8735378593185,2.1737740878521,1.7409585704541,1999.80965961116,2000.24247512856,61,NY99,NY99
810,811,0.549252110587801,40.9611637814217,-73.9238140580536,41.0744531072678,-73.8861719842882,2.2902106810419,1.7409585704541,1999.80965961116,2000.35891172175,61,NY99,NY99
811,818,0.405549955725501,41.0744531072678,-73.8861719842882,40.6345292181219,-73.7183932217828,2.6957606367674,2.2902106810419,2000.35891172175,2000.76446167747,61,NY99,NY99
811,812,0.0674776177161611,41.0744531072678,-73.8861719842882,40.4996822207897,-74.5981916482753,2.35768829875806,2.2902106810419,2000.35891172175,2000.42638933946,61,NY99,NY99
812,6,1.403710660537,40.4996822207897,-74.5981916482753,40.569605,-74.45554,3.76139895929506,2.35768829875806,2000.42638933946,2001.8301,61,NY99,NY99
812,813,0.503261512949599,40.4996822207897,-74.5981916482753,40.5069801023672,-74.6600584752452,2.86094981170766,2.35768829875806,2000.42638933946,2000.92965085241,61,NY99,NY99
813,814,0.0275982141694389,40.5069801023672,-74.6600584752452,40.5068868852039,-74.6711623612275,2.8885480258771,2.86094981170766,2000.92965085241,2000.95724906658,61,NY99,NY99
813,816,0.0116989224508686,40.5069801023672,-74.6600584752452,40.5270481680403,-74.6836158260347,2.87264873415853,2.86094981170766,2000.92965085241,2000.94134977486,61,NY99,NY99
814,7,0.6811509334179,40.5068868852039,-74.6711623612275,40.093164,-75.06238,3.569698959295,2.8885480258771,2000.95724906658,2001.6384,61,NY99,NY99
814,815,0.7527912942047,40.5068868852039,-74.6711623612275,41.0384930291187,-74.6925349331943,3.6413393200818,2.8885480258771,2000.95724906658,2001.71004036079,61,NY99,NY99
816,12,0.768250225136301,40.5270481680403,-74.6836158260347,40.208352,-74.732862,3.64089895929483,2.87264873415853,2000.94134977486,2001.7096,61,NY99,NY99
816,817,0.0139482907523814,40.5270481680403,-74.6836158260347,40.519942676716,-74.5949783683397,2.88659702491091,2.87264873415853,2000.94134977486,2000.95529806562,61,NY99,NY99
817,11,0.762501934383899,40.519942676716,-74.5949783683397,40.44465,-75.277,3.64909895929481,2.88659702491091,2000.95529806562,2001.7178,61,NY99,NY99
817,10,0.858401934383899,40.519942676716,-74.5949783683397,40.555304,-74.493313,3.74499895929481,2.88659702491091,2000.95529806562,2001.8137,61,NY99,NY99
818,819,0.159816111782899,40.6345292181219,-73.7183932217828,40.6565490695188,-73.7670472500973,2.8555767485503,2.6957606367674,2000.76446167747,2000.92427778925,61,NY99,NY99
818,826,0.396695727620699,40.6345292181219,-73.7183932217828,40.6641832919992,-73.6925183456027,3.0924563643881,2.6957606367674,2000.76446167747,2001.16115740509,61,NY99,NY99
819,824,0.228637229769101,40.6565490695188,-73.7670472500973,40.6651444589958,-73.5234578453157,3.0842139783194,2.8555767485503,2000.92427778925,2001.15291501902,61,NY99,NY99
819,820,0.0299763563301596,40.6565490695188,-73.7670472500973,40.5961367732727,-73.7191432171624,2.88555310488046,2.8555767485503,2000.92427778925,2000.95425414559,61,NY99,NY99
820,821,0.149995076333202,40.5961367732727,-73.7191432171624,40.6125098696547,-73.8214388330973,3.03554818121366,2.88555310488046,2000.95425414559,2001.10424922192,61,NY99,NY99
824,20,0.466284980975599,40.6651444589958,-73.5234578453157,40.616735,-73.533163,3.550498959295,3.0842139783194,2001.15291501902,2001.6192,61,NY99,NY99
824,825,0.0688190071234906,40.6651444589958,-73.5234578453157,40.6031002956993,-74.1978806574342,3.15303298544289,3.0842139783194,2001.15291501902,2001.22173402615,61,NY99,NY99
826,827,0.107460179295201,40.6641832919992,-73.6925183456027,40.6928322618938,-73.6363527781806,3.1999165436833,3.0924563643881,2001.16115740509,2001.26861758439,61,NY99,NY99
826,21,0.685442594906799,40.6641832919992,-73.6925183456027,40.595849,-74.210328,3.7778989592949,3.0924563643881,2001.16115740509,2001.8466,61,NY99,NY99
828,24,1.401324871443,41.030329835079,-73.8735378593185,42.6377,-83.424862,3.5750989592951,2.1737740878521,2000.24247512856,2001.6438,61,NY99,NY99
828,829,0.0233576215576612,41.030329835079,-73.8735378593185,41.0227205059836,-73.8321570085148,2.19713170940976,2.1737740878521,2000.24247512856,2000.26583275011,61,NY99,NY99
829,26,0.447267249885098,41.0227205059836,-73.8321570085148,41.252046,-72.748047,2.64439895929486,2.19713170940976,2000.26583275011,2000.7131,61,NY99,NY99
829,25,1.484867249885,41.0227205059836,-73.8321570085148,38.95728,-77.06884,3.68199895929476,2.19713170940976,2000.26583275011,2001.7507,61,NY99,NY99
830,831,0.000898862347309404,40.8640555548688,-73.6466523928251,40.8618645730807,-73.6411830460178,0.0516664188663505,0.0507675565190411,1998.11946859722,1998.12036745957,61,NY99,NY99
830,855,0.00504211944558008,40.8640555548688,-73.6466523928251,40.8764131794161,-73.6948250115433,0.0558096759646212,0.0507675565190411,1998.11946859722,1998.12451071667,61,NY99,NY99
831,832,0.00126579001260296,40.8618645730807,-73.6411830460178,40.8625915668838,-73.6349913323373,0.0529322088789534,0.0516664188663505,1998.12036745957,1998.12163324958,61,NY99,NY99
831,848,0.00359576665075068,40.8618645730807,-73.6411830460178,40.8347719923743,-73.5776654119832,0.0552621855171012,0.0516664188663505,1998.12036745957,1998.12396322622,61,NY99,NY99
832,833,0.00307767136204617,40.8625915668838,-73.6349913323373,40.8601009618083,-73.6304018425435,0.0560098802409996,0.0529322088789534,1998.12163324958,1998.12471092095,61,NY99,NY99
832,839,0.00622908236523401,40.8625915668838,-73.6349913323373,40.8508104176732,-73.6663783669748,0.0591612912441875,0.0529322088789534,1998.12163324958,1998.12786233195,61,NY99,NY99
833,834,0.012025241672788,40.8601009618083,-73.6304018425435,40.8719674291335,-73.6344829638947,0.0680351219137876,0.0560098802409996,1998.12471092095,1998.13673616262,61,NY99,NY99
833,838,0.1517853606817,40.8601009618083,-73.6304018425435,40.8795724595321,-73.6441224271825,0.2077952409227,0.0560098802409996,1998.12471092095,1998.27649628163,61,NY99,NY99
834,29,1.600263837381,40.8719674291335,-73.6344829638947,40.989086,-73.611878,1.66829895929479,0.0680351219137876,1998.13673616262,1999.737,61,NY99,NY99
834,835,1.984229506358,40.8719674291335,-73.6344829638947,40.9232570771835,-73.6341830604822,2.05226462827179,0.0680351219137876,1998.13673616262,2000.12096566898,61,NY99,NY99
835,837,0.669368988213598,40.9232570771835,-73.6341830604822,38.8613219869073,-76.9997851220472,2.72163361648539,2.05226462827179,2000.12096566898,2000.79033465719,61,NY99,NY99
835,836,0.00549191413504957,40.9232570771835,-73.6341830604822,40.9167531164328,-73.6218262523078,2.05775654240684,2.05226462827179,2000.12096566898,2000.12645758311,61,NY99,NY99
836,30,0.5402424168881,40.9167531164328,-73.6218262523078,40.944266,-73.701869,2.59799895929494,2.05775654240684,2000.12645758311,2000.6667,61,NY99,NY99
836,31,0.592142416887999,40.9167531164328,-73.6218262523078,40.982695,-73.657938,2.64989895929484,2.05775654240684,2000.12645758311,2000.7186,61,NY99,NY99
837,32,0.921965342809401,38.8613219869073,-76.9997851220472,38.919233,-76.948839,3.64359895929479,2.72163361648539,2000.79033465719,2001.7123,61,NY99,NY99
837,33,0.960365342809601,38.8613219869073,-76.9997851220472,38.864771,-76.989687,3.68199895929499,2.72163361648539,2000.79033465719,2001.7507,61,NY99,NY99
838,35,0.7235037183721,40.8795724595321,-73.6441224271825,40.791554,-73.939366,0.9312989592948,0.2077952409227,1998.27649628163,1999,61,NY99,NY99
839,840,0.217489950005898,40.8508104176732,-73.6663783669748,40.7106180328429,-73.6997238369782,0.276651241250086,0.0591612912441875,1998.12786233195,1998.34535228195,61,NY99,NY99
839,843,0.0642393253441398,40.8508104176732,-73.6663783669748,40.9116227885667,-73.5187487516612,0.123400616588327,0.0591612912441875,1998.12786233195,1998.19210165729,61,NY99,NY99
840,841,1.378872948714,40.7106180328429,-73.6997238369782,40.80113766905,-73.6313143563052,1.65552418996409,0.276651241250086,1998.34535228195,1999.72422523067,61,NY99,NY99
840,39,2.179247718045,40.7106180328429,-73.6997238369782,40.958582,-73.029237,2.45589895929509,0.276651241250086,1998.34535228195,2000.5246,61,NY99,NY99
841,36,1.900474769331,40.80113766905,-73.6313143563052,40.616522,-73.458287,3.55599895929509,1.65552418996409,1999.72422523067,2001.6247,61,NY99,NY99
841,842,1.172371704244,40.80113766905,-73.6313143563052,40.6159634376216,-73.4675290985193,2.82789589420809,1.65552418996409,1999.72422523067,2000.89659693491,61,NY99,NY99
842,37,0.782903065086499,40.6159634376216,-73.4675290985193,41.60001,-73.482443,3.61079895929459,2.82789589420809,2000.89659693491,2001.6795,61,NY99,NY99
842,38,0.807503065086399,40.6159634376216,-73.4675290985193,40.617391,-73.452677,3.63539895929449,2.82789589420809,2000.89659693491,2001.7041,61,NY99,NY99
843,844,0.0195746798307006,40.9116227885667,-73.5187487516612,40.8935907738842,-73.4818188645213,0.142975296419028,0.123400616588327,1998.19210165729,1998.21167633712,61,NY99,NY99
843,846,2.61795489117,40.9116227885667,-73.5187487516612,40.8891986890292,-73.2437537663757,2.74135550775833,0.123400616588327,1998.19210165729,2000.81005654846,61,NY99,NY99
844,845,0.0445189697259387,40.8935907738842,-73.4818188645213,40.8692240967353,-73.6335302780983,0.187494266144967,0.142975296419028,1998.21167633712,1998.25619530685,61,NY99,NY99
844,40,1.489723662876,40.8935907738842,-73.4818188645213,41.059706,-73.448574,1.63269895929503,0.142975296419028,1998.21167633712,1999.7014,61,NY99,NY99
845,42,1.48630469315,40.8692240967353,-73.6335302780983,40.996449,-73.644939,1.67379895929497,0.187494266144967,1998.25619530685,1999.7425,61,NY99,NY99
846,847,0.125613828747801,40.8891986890292,-73.2437537663757,40.8629181781841,-73.2416331707542,2.86696933650613,2.74135550775833,2000.81005654846,2000.93567037721,61,NY99,NY99
846,43,0.9461434515361,40.8891986890292,-73.2437537663757,41.201801,-72.119556,3.68749895929443,2.74135550775833,2000.81005654846,2001.7562,61,NY99,NY99
847,45,0.746529622788199,40.8629181781841,-73.2416331707542,41.090785,-73.381637,3.61349895929433,2.86696933650613,2000.93567037721,2001.6822,61,NY99,NY99
847,44,0.661629622788199,40.8629181781841,-73.2416331707542,40.901631,-73.221037,3.52859895929433,2.86696933650613,2000.93567037721,2001.5973,61,NY99,NY99
848,849,1.721930390699,40.8347719923743,-73.5776654119832,40.8178839022844,-73.7406049193907,1.7771925762161,0.0552621855171012,1998.12396322622,1999.84589361692,61,NY99,NY99
849,850,0.465991256760198,40.8178839022844,-73.7406049193907,40.8670578406723,-73.7380859355807,2.2431838329763,1.7771925762161,1999.84589361692,2000.31188487368,61,NY99,NY99
849,853,0.480294468603397,40.8178839022844,-73.7406049193907,40.7562006442636,-73.8380177350704,2.2574870448195,1.7771925762161,1999.84589361692,2000.32618808552,61,NY99,NY99
850,851,0.344059072873401,40.8670578406723,-73.7380859355807,40.9251580471127,-73.7827233457058,2.5872429058497,2.2431838329763,2000.31188487368,2000.65594394655,61,NY99,NY99
850,852,0.433415634349901,40.8670578406723,-73.7380859355807,40.8677682153042,-73.7494338964894,2.6765994673262,2.2431838329763,2000.31188487368,2000.74530050803,61,NY99,NY99
851,48,1.042656053445,40.9251580471127,-73.7827233457058,40.941756,-73.704751,3.6298989592947,2.5872429058497,2000.65594394655,2001.6986,61,NY99,NY99
851,47,0.0107560534454301,40.9251580471127,-73.7827233457058,40.942209,-73.705014,2.59799895929513,2.5872429058497,2000.65594394655,2000.6667,61,NY99,NY99
852,49,0.939599491968901,40.8677682153042,-73.7494338964894,41.151606,-74.180605,3.6161989592951,2.6765994673262,2000.74530050803,2001.6849,61,NY99,NY99
853,854,0.620583641200401,40.7562006442636,-73.8380177350704,40.7844955199314,-73.8945323116279,2.8780706860199,2.2574870448195,2000.32618808552,2000.94677172672,61,NY99,NY99
855,856,0.0910517164596492,40.8764131794161,-73.6948250115433,41.0657004266505,-73.6855100013102,0.14686139242427,0.0558096759646212,1998.12451071667,1998.21556243313,61,NY99,NY99
855,801,0.8754892833302,40.8764131794161,-73.6948250115433,40.84715,-73.933266,0.931298959294821,0.0558096759646212,1998.12451071667,1999,61,NY99,NY99
856,1598,1.462431494811,41.0657004266505,-73.6855100013102,39.1253198499202,-76.7835282668906,1.60929288723527,0.14686139242427,1998.21556243313,1999.67799392794,61,NY99,NY99
856,857,0.710696402456701,41.0657004266505,-73.6855100013102,41.0797189013145,-73.7144293100815,0.857557794880972,0.14686139242427,1998.21556243313,1998.92625883559,61,NY99,NY99
857,1569,0.0668870928539178,41.0797189013145,-73.7144293100815,41.1245297732117,-73.8558138976657,0.924444887734889,0.857557794880972,1998.92625883559,1998.99314592844,61,NY99,NY99
857,858,1.094288347727,41.0797189013145,-73.7144293100815,41.1065263152474,-73.6993394947773,1.95184614260797,0.857557794880972,1998.92625883559,2000.02054718331,61,NY99,WN02
858,859,0.3850196121256,41.1065263152474,-73.6993394947773,41.0780521732009,-73.7178099641503,2.33686575473357,1.95184614260797,2000.02054718331,2000.40556679544,61,WN02,WN02
858,1200,0.1437271372528,41.1065263152474,-73.6993394947773,41.1007705821154,-73.6950517306078,2.09557327986077,1.95184614260797,2000.02054718331,2000.16427432057,61,WN02,WN02
859,860,0.00251582201023481,41.0780521732009,-73.7178099641503,41.0738429736006,-73.7234333351583,2.3393815767438,2.33686575473357,2000.40556679544,2000.40808261745,61,WN02,WN02
860,930,0.196734618044502,41.0738429736006,-73.7234333351583,41.0714319863097,-73.7692273142091,2.53611619478831,2.3393815767438,2000.40808261745,2000.60481723549,61,WN02,WN02
860,861,0.354003966119802,41.0738429736006,-73.7234333351583,41.1902264271813,-73.8882900046936,2.69338554286361,2.3393815767438,2000.40808261745,2000.76208658357,61,WN02,WN02
861,862,0.0335705130611501,41.1902264271813,-73.8882900046936,41.3672527697793,-74.4031479179406,2.72695605592476,2.69338554286361,2000.76208658357,2000.79565709663,61,WN02,WN02
861,918,0.0211535240329681,41.1902264271813,-73.8882900046936,41.1679703258667,-73.8199223849507,2.71453906689657,2.69338554286361,2000.76208658357,2000.7832401076,61,WN02,WN02
862,916,0.1608149670696,41.3672527697793,-74.4031479179406,42.9243586946257,-78.6379761378072,2.88777102299436,2.72695605592476,2000.79565709663,2000.9564720637,61,WN02,WN02
862,863,0.0500053778565999,41.3672527697793,-74.4031479179406,41.3123044125783,-74.4208094687955,2.77696143378136,2.72695605592476,2000.79565709663,2000.84566247449,61,WN02,WN02
863,864,0.101032292693199,41.3123044125783,-74.4208094687955,43.0814381861534,-76.2511671617454,2.87799372647456,2.77696143378136,2000.84566247449,2000.94669476718,61,WN02,WN02
863,873,0.00150121044790552,41.3123044125783,-74.4208094687955,41.2478853314436,-74.1161602966653,2.77846264422926,2.77696143378136,2000.84566247449,2000.84716368493,61,WN02,WN02
864,865,0.00225054749824061,43.0814381861534,-76.2511671617454,43.0768150365549,-76.239800721091,2.8802442739728,2.87799372647456,2000.94669476718,2000.94894531468,61,WN02,WN02
865,866,0.0446600147993692,43.0768150365549,-76.239800721091,43.291502193056,-76.5872156903863,2.92490428877217,2.8802442739728,2000.94894531468,2000.99360532948,61,WN02,WN02
866,867,0.0227504168884014,43.291502193056,-76.5872156903863,43.3504011205285,-76.5827523581117,2.94765470566057,2.92490428877217,2000.99360532948,2001.01635574636,61,WN02,WN02
867,868,0.9809906254157,43.3504011205285,-76.5827523581117,43.4355664404312,-76.5717214932428,3.92864533107627,2.94765470566057,2001.01635574636,2001.99734637178,61,WN02,WN02
867,872,0.265804939360899,43.3504011205285,-76.5827523581117,42.9122357334216,-77.2263403134893,3.21345964502147,2.94765470566057,2001.01635574636,2001.28216068573,61,WN02,WN02
868,869,0.00201045122661547,43.4355664404312,-76.5717214932428,43.4349743425294,-76.5593586646981,3.93065578230288,3.92864533107627,2001.99734637178,2001.99935682301,61,WN02,WN02
873,874,0.0675928290107386,41.2478853314436,-74.1161602966653,41.2459216461421,-74.154399128386,2.84605547324,2.77846264422926,2000.84716368493,2000.91475651394,61,WN02,WN02
873,897,0.0108045130934791,41.2478853314436,-74.1161602966653,41.2686033967802,-74.1609942814746,2.78926715732274,2.77846264422926,2000.84716368493,2000.85796819803,61,WN02,WN02
874,882,0.00991059099119695,41.2459216461421,-74.154399128386,41.2481667918665,-74.148697794646,2.8559660642312,2.84605547324,2000.91475651394,2000.92466710494,61,WN02,WN02
874,875,0.2782708791513,41.2459216461421,-74.154399128386,40.9926816558066,-74.0681295819264,3.1243263523913,2.84605547324,2000.91475651394,2001.1930273931,61,WN02,WN02
882,894,0.0115170918194494,41.2481667918665,-74.148697794646,41.3371897996076,-74.096690062266,2.86748315605065,2.8559660642312,2000.92466710494,2000.93618419676,61,WN02,WN02
894,895,0.1802832290387,41.3371897996076,-74.096690062266,41.6941480730556,-73.2772703576636,3.04776638508935,2.86748315605065,2000.93618419676,2001.11646742579,61,WN02,WN02
895,896,0.809681723959599,41.6941480730556,-73.2772703576636,41.6877364954214,-73.3864913523693,3.85744810904895,3.04776638508935,2001.11646742579,2001.92614914975,61,WN02,WN02
897,898,0.000490220390155116,41.2686033967802,-74.1609942814746,41.2375073881411,-74.0924086420995,2.7897573777129,2.78926715732274,2000.85796819803,2000.85845841842,61,WN02,WN02
898,899,0.0551499546756808,41.2375073881411,-74.0924086420995,41.583457126319,-74.0931645054283,2.84490733238858,2.7897573777129,2000.85845841842,2000.91360837309,61,WN02,WN02
898,914,0.2301660706076,41.2375073881411,-74.0924086420995,40.9222365010264,-73.3538395891896,3.0199234483205,2.7897573777129,2000.85845841842,2001.08862448903,61,WN02,WN02
899,900,0.0343642960302901,41.583457126319,-74.0931645054283,41.576804898591,-74.1011507530914,2.87927162841887,2.84490733238858,2000.91360837309,2000.94797266912,61,WN02,WN02
900,902,0.0818200827600997,41.576804898591,-74.1011507530914,41.6244889456406,-74.1828859486722,2.96109171117897,2.87927162841887,2000.94797266912,2001.02979275188,61,WN02,WN02
902,903,0.0260443252405604,41.6244889456406,-74.1828859486722,40.8475993382819,-73.1940088385174,2.98713603641953,2.96109171117897,2001.02979275188,2001.05583707712,61,WN02,WN02
903,904,0.00541394814094964,40.8475993382819,-73.1940088385174,40.7104747146948,-73.8296277433311,2.99254998456048,2.98713603641953,2001.05583707712,2001.06125102526,61,WN02,WN02
903,93,0.5852629228752,40.8475993382819,-73.1940088385174,40.68497,-84.209409,3.57239895929473,2.98713603641953,2001.05583707712,2001.6411,61,WN02,WN02
914,915,0.0586360906972505,40.9222365010264,-73.3538395891896,42.7974310540772,-87.9391020260966,3.07855953901775,3.0199234483205,2001.08862448903,2001.14726057972,61,WN02,WN02
915,106,0.707539420277,42.7974310540772,-87.9391020260966,43.056547,-88.016651,3.78609895929475,3.07855953901775,2001.14726057972,2001.8548,61,WN02,WN02
915,105,0.611639420276999,42.7974310540772,-87.9391020260966,42.763306,-87.84365,3.69019895929475,3.07855953901775,2001.14726057972,2001.7589,61,WN02,WN02
918,919,0.123106419634501,41.1679703258667,-73.8199223849507,41.1042859835251,-73.6716181265454,2.83764548653108,2.71453906689657,2000.7832401076,2000.90634652724,61,WN02,WN02
919,920,0.00285394112091986,41.1042859835251,-73.6716181265454,41.1132839712322,-73.4310029952147,2.840499427652,2.83764548653108,2000.90634652724,2000.90920046836,61,WN02,WN02
920,921,0.0286622156855696,41.1132839712322,-73.4310029952147,41.1758693138556,-73.488206207164,2.86916164333756,2.840499427652,2000.90920046836,2000.93786268404,61,WN02,WN02
921,928,0.1660015059188,41.1758693138556,-73.488206207164,41.1754688714287,-73.9195974255012,3.03516314925636,2.86916164333756,2000.93786268404,2001.10386418996,61,WN02,WN02
921,922,0.0192998993168789,41.1758693138556,-73.488206207164,41.1456455532972,-73.5085488720462,2.88846154265444,2.86916164333756,2000.93786268404,2000.95716258336,61,WN02,WN02
922,923,0.000781596399654916,41.1456455532972,-73.5085488720462,41.1475098880604,-73.5090331241403,2.8892431390541,2.88846154265444,2000.95716258336,2000.95794417976,61,WN02,WN02
923,924,0.00038082450055299,41.1475098880604,-73.5090331241403,41.1500546317994,-73.4944507855921,2.88962396355465,2.8892431390541,2000.95794417976,2000.95832500426,61,WN02,WN02
924,925,0.974488607849,41.1500546317994,-73.4944507855921,40.7147016019701,-73.9534707791566,3.86411257140365,2.88962396355465,2000.95832500426,2001.93281361211,61,WN02,WN02
928,929,0.8651608655614,41.1754688714287,-73.9195974255012,41.1608828156376,-73.8482436520969,3.90032401481776,3.03516314925636,2001.10386418996,2001.96902505552,61,WN02,WN02
930,1168,0.138437677928298,41.0714319863097,-73.7692273142091,41.6511769066854,-73.7367692238377,2.6745538727166,2.53611619478831,2000.60481723549,2000.74325491342,61,WN02,WN02
930,931,0.00485449449110931,41.0714319863097,-73.7692273142091,41.0830091272274,-73.790507310655,2.54097068927942,2.53611619478831,2000.60481723549,2000.60967172998,61,WN02,WN02
931,1056,0.173069428045999,41.0830091272274,-73.790507310655,41.0505857902482,-73.8114708521845,2.71404011732541,2.54097068927942,2000.60967172998,2000.78274115803,61,WN02,WN02
931,932,0.145512833045498,41.0830091272274,-73.790507310655,41.0796290885215,-73.752552892899,2.68648352232491,2.54097068927942,2000.60967172998,2000.75518456303,61,WN02,WN02
932,989,0.128350586777302,41.0796290885215,-73.752552892899,41.0895519738299,-73.819634820851,2.81483410910221,2.68648352232491,2000.75518456303,2000.88353514981,61,WN02,WN02
932,933,0.0338680785174219,41.0796290885215,-73.752552892899,41.0156801745393,-73.7188211984892,2.72035160084233,2.68648352232491,2000.75518456303,2000.78905264155,61,WN02,WN02
933,934,0.01531849731996,41.0156801745393,-73.7188211984892,41.0116346141288,-73.7159737747826,2.7356700981623,2.72035160084233,2000.78905264155,2000.80437113887,61,WN02,WN02
934,935,0.085557010538329,41.0116346141288,-73.7159737747826,40.9576157214053,-73.6422244988447,2.82122710870062,2.7356700981623,2000.80437113887,2000.88992814941,61,WN02,WN02
934,953,0.0279072287250095,41.0116346141288,-73.7159737747826,41.0994966976683,-73.616459346301,2.7635773268873,2.7356700981623,2000.80437113887,2000.83227836759,61,WN02,WN02
935,936,0.0535604613192504,40.9576157214053,-73.6422244988447,40.9067275171092,-73.63206662307,2.87478757001987,2.82122710870062,2000.88992814941,2000.94348861072,61,WN02,WN02
936,944,0.00793511232378918,40.9067275171092,-73.63206662307,40.9356877359206,-73.5213572976591,2.88272268234366,2.87478757001987,2000.94348861072,2000.95142372305,61,WN02,WN02
936,937,1.054483126571,40.9067275171092,-73.63206662307,41.2830012489971,-73.8932261883951,3.92927069659087,2.87478757001987,2000.94348861072,2001.9979717373,61,WN02,WN02
944,949,0.00667474126557543,40.9356877359206,-73.5213572976591,40.8659647035827,-73.6654679629541,2.88939742360924,2.88272268234366,2000.95142372305,2000.95809846431,61,WN02,WN02
953,958,0.0139602735952806,41.0994966976683,-73.616459346301,41.1213932402357,-73.6289701752409,2.77753760048259,2.7635773268873,2000.83227836759,2000.84623864119,61,WN02,WN02
953,954,0.113615938154799,41.0994966976683,-73.616459346301,41.0794698610977,-73.5958750164695,2.8771932650421,2.7635773268873,2000.83227836759,2000.94589430575,61,WN02,WN02
954,956,0.0701853402385897,41.0794698610977,-73.5958750164695,42.411443234392,-72.2171594913453,2.94737860528069,2.8771932650421,2000.94589430575,2001.01607964599,61,WN02,WN02
954,955,0.1484686498955,41.0794698610977,-73.5958750164695,41.0571368621334,-73.6181789142242,3.0256619149376,2.8771932650421,2000.94589430575,2001.09436295564,61,WN02,WN02
958,959,0.00226069590809175,41.1213932402357,-73.6289701752409,41.1199054787572,-73.6244206595009,2.77979829639068,2.77753760048259,2000.84623864119,2000.8484993371,61,WN02,WN02
958,979,0.1030301068937,41.1213932402357,-73.6289701752409,41.1185353588102,-73.6300385896766,2.88056770737628,2.77753760048259,2000.84623864119,2000.94926874808,61,WN02,WN02
959,960,0.0892716661508093,41.1199054787572,-73.6244206595009,41.046794038335,-73.5172902026457,2.86906996254149,2.77979829639068,2000.8484993371,2000.93777100325,61,WN02,WN02
959,963,0.045082508185839,41.1199054787572,-73.6244206595009,41.1803255468173,-73.6020686018638,2.82488080457652,2.77979829639068,2000.8484993371,2000.89358184528,61,WN02,WN02
960,962,0.13429470712,41.046794038335,-73.5172902026457,41.0512118530251,-73.5361265402929,3.00336466966149,2.86906996254149,2000.93777100325,2001.07206571037,61,WN02,WN02
960,961,0.1190106393521,41.046794038335,-73.5172902026457,41.0341180331109,-73.2828872116254,2.98808060189359,2.86906996254149,2000.93777100325,2001.0567816426,61,WN02,WN02
961,149,0.702118357401101,41.0341180331109,-73.2828872116254,43.097948,-87.882419,3.69019895929469,2.98808060189359,2001.0567816426,2001.7589,61,WN02,WN02
963,967,0.0294252627224001,41.1803255468173,-73.6020686018638,40.9873485418531,-73.6134718421839,2.85430606729892,2.82488080457652,2000.89358184528,2000.923007108,61,WN02,WN02
963,964,0.9121589598409,41.1803255468173,-73.6020686018638,41.2684095841738,-73.7869586451755,3.73703976441742,2.82488080457652,2000.89358184528,2001.80574080512,61,WN02,WN02
967,968,0.0674113424771097,40.9873485418531,-73.6134718421839,41.0504370570466,-73.4453150687715,2.92171740977603,2.85430606729892,2000.923007108,2000.99041845048,61,WN02,WN02
967,975,0.0237157494634399,40.9873485418531,-73.6134718421839,40.9842042133813,-73.6178434259549,2.87802181676236,2.85430606729892,2000.923007108,2000.94672285747,61,WN02,WN02
968,973,0.0975940768072103,41.0504370570466,-73.4453150687715,41.3911965288705,-73.6060233244739,3.01931148658324,2.92171740977603,2000.99041845048,2001.08801252729,61,WN02,WN02
973,974,0.117331424083901,41.3911965288705,-73.6060233244739,41.4372601047134,-73.6132150065446,3.13664291066714,3.01931148658324,2001.08801252729,2001.20534395137,61,WN02,WN02
975,978,0.0837061686201395,40.9842042133813,-73.6178434259549,41.3111373535082,-73.923403118528,2.9617279853825,2.87802181676236,2000.94672285747,2001.03042902609,61,WN02,WN02
975,976,0.00751463237104311,40.9842042133813,-73.6178434259549,40.9812370536137,-73.6179868338861,2.8855364491334,2.87802181676236,2000.94672285747,2000.95423748984,61,WN02,WN02
976,977,0.000306958766577381,40.9812370536137,-73.6179868338861,42.9514603228769,-76.0998555252256,2.88584340789998,2.8855364491334,2000.95423748984,2000.9545444486,61,WN02,WN02
976,167,0.8046625101613,40.9812370536137,-73.6179868338861,43.088173,-89.200214,3.6901989592947,2.8855364491334,2000.95423748984,2001.7589,61,WN02,WN02
979,985,0.8476253969314,41.1185353588102,-73.6300385896766,41.103818334394,-73.4999512319197,3.72819310430769,2.88056770737628,2000.94926874808,2001.79689414501,61,WN02,WN02
979,980,0.173084950360799,41.1185353588102,-73.6300385896766,41.0893023215539,-73.7366600301971,3.05365265773708,2.88056770737628,2000.94926874808,2001.12235369844,61,WN02,WN02
985,986,0.0520711341682389,41.103818334394,-73.4999512319197,41.1076422195993,-73.5089632911105,3.78026423847592,3.72819310430769,2001.79689414501,2001.84896527918,61,WN02,WN02
989,1038,0.0709208231487093,41.0895519738299,-73.819634820851,40.9276525075002,-73.7521665579362,2.88575493225092,2.81483410910221,2000.88353514981,2000.95445597296,61,WN02,WN02
989,990,0.0429582213279396,41.0895519738299,-73.819634820851,41.0933197940664,-73.8088925147816,2.85779233043015,2.81483410910221,2000.88353514981,2000.92649337113,61,WN02,WN02
990,994,0.2501699645595,41.0933197940664,-73.8088925147816,41.0740342598866,-73.7611238332569,3.10796229498965,2.85779233043015,2000.92649337113,2001.17666333569,61,WN02,WN02
990,991,0.00409106221088251,41.0933197940664,-73.8088925147816,41.0877020303148,-73.8227741753158,2.86188339264104,2.85779233043015,2000.92649337113,2000.93058443335,61,WN02,WN02
991,993,0.0300209874871413,41.0877020303148,-73.8227741753158,42.9082907158126,-75.464501997425,2.89190438012818,2.86188339264104,2000.93058443335,2000.96060542083,61,WN02,WN02
991,992,0.000597040450667663,41.0877020303148,-73.8227741753158,38.3608261778376,-90.1144369868227,2.8624804330917,2.86188339264104,2000.93058443335,2000.9311814738,61,WN02,WN02
992,181,0.751018526203,38.3608261778376,-90.1144369868227,33.843743,-85.716195,3.6134989592947,2.8624804330917,2000.9311814738,2001.6822,61,WN02,WN02
992,182,0.822218526202999,38.3608261778376,-90.1144369868227,38.739714,-90.50268,3.6846989592947,2.8624804330917,2000.9311814738,2001.7534,61,WN02,WN02
994,997,0.025223366048678,41.0740342598866,-73.7611238332569,41.0083086555159,-73.7267553653101,3.13318566103833,3.10796229498965,2001.17666333569,2001.20188670174,61,WN02,WN02
1038,1051,0.00851352099306268,40.9276525075002,-73.7521665579362,40.9087265851377,-73.6973554621283,2.89426845324399,2.88575493225092,2000.95445597296,2000.96296949395,61,WN02,WN02
1038,1039,0.162582694992,40.9276525075002,-73.7521665579362,40.9540506707618,-73.7298293435537,3.04833762724292,2.88575493225092,2000.95445597296,2001.11703866795,61,WN02,WN02
1039,1041,0.100294921541,40.9540506707618,-73.7298293435537,40.6456692635728,-73.7957244113812,3.14863254878392,3.04833762724292,2001.11703866795,2001.21733358949,61,WN02,WN02
1051,1053,0.2156687846089,40.9087265851377,-73.6973554621283,40.9863126706445,-73.8059881580372,3.10993723785289,2.89426845324399,2000.96296949395,2001.17863827856,61,WN02,WN02
1051,1052,0.144329381614801,40.9087265851377,-73.6973554621283,41.0705354688044,-74.0584500939193,3.03859783485879,2.89426845324399,2000.96296949395,2001.10729887556,61,WN02,WN02
1053,1055,0.7576855686961,40.9863126706445,-73.8059881580372,42.8036113727885,-87.7572782545407,3.86762280654899,3.10993723785289,2001.17863827856,2001.93632384725,61,WN02,WN02
1056,1059,0.0268495885548194,41.0505857902482,-73.8114708521845,41.1984431064416,-73.7167341368283,2.74088970588023,2.71404011732541,2000.78274115803,2000.80959074658,61,WN02,WN02
1056,1057,0.1658546338442,41.0505857902482,-73.8114708521845,41.2179583722993,-73.6199675929453,2.87989475116961,2.71404011732541,2000.78274115803,2000.94859579187,61,WN02,WN02
1057,1058,0.165259668245701,41.2179583722993,-73.6199675929453,41.2488337808144,-73.6555811516603,3.04515441941532,2.87989475116961,2000.94859579187,2001.11385546012,61,WN02,WN02
1059,1077,0.2200963938659,41.1984431064416,-73.7167341368283,41.1970876958553,-73.7919400741673,2.96098609974613,2.74088970588023,2000.80959074658,2001.02968714045,61,WN02,WN02
1059,1060,0.102291327747499,41.1984431064416,-73.7167341368283,41.2288425228587,-73.8624183366255,2.84318103362773,2.74088970588023,2000.80959074658,2000.91188207433,61,WN02,WN02
1060,1061,0.123700018826,41.2288425228587,-73.8624183366255,40.9257716884106,-73.5100820869694,2.96688105245373,2.84318103362773,2000.91188207433,2001.03558209316,61,WN02,WN02
1060,1071,0.0186289422760115,41.2288425228587,-73.8624183366255,41.2178842001879,-73.8485787531653,2.86180997590374,2.84318103362773,2000.91188207433,2000.93051101661,61,WN02,WN02
1061,1062,0.0612280179310716,40.9257716884106,-73.5100820869694,40.9683039157313,-73.1594462432299,3.0281090703848,2.96688105245373,2001.03558209316,2001.09681011109,61,WN02,WN02
1071,1072,0.862785277052501,41.2178842001879,-73.8485787531653,40.8305152144054,-73.460952499003,3.72459525295625,2.86180997590374,2000.93051101661,2001.79329629366,61,WN02,WN02
1072,1073,0.0746602939984893,40.8305152144054,-73.460952499003,40.8389681778169,-73.691110904109,3.79925554695473,3.72459525295625,2001.79329629366,2001.86795658766,61,WN02,WN02
1077,1078,0.0673136310679805,41.1970876958553,-73.7919400741673,42.4788084371081,-77.4691410228194,3.02829973081411,2.96098609974613,2001.02968714045,2001.09700077152,61,WN02,WN02
1168,387,0.974545086578001,41.6511769066854,-73.7367692238377,41.299039,-81.654668,3.64909895929461,2.6745538727166,2000.74325491342,2001.7178,61,WN02,WN02
1168,1169,0.0276183579582607,41.6511769066854,-73.7367692238377,41.4144119346038,-72.5871384652794,2.70217223067487,2.6745538727166,2000.74325491342,2000.77087327138,61,WN02,WN02
1169,1192,0.1673053140396,41.4144119346038,-72.5871384652794,44.2789618003346,-79.609241793821,2.86947754471447,2.70217223067487,2000.77087327138,2000.93817858542,61,WN02,WN02
1169,1170,0.00154864274031929,41.4144119346038,-72.5871384652794,41.4140915662004,-72.598848980495,2.70372087341518,2.70217223067487,2000.77087327138,2000.77242191412,61,WN02,WN02
1170,1171,0.0790699861935291,41.4140915662004,-72.598848980495,41.1778319675394,-72.5429508674093,2.78279085960871,2.70372087341518,2000.77242191412,2000.85149190031,61,WN02,WN02
1171,1172,0.0258797035824898,41.1778319675394,-72.5429508674093,41.165655511402,-72.5358196190268,2.8086705631912,2.78279085960871,2000.85149190031,2000.8773716039,61,WN02,WN02
1171,1175,0.000894386779590306,41.1778319675394,-72.5429508674093,41.1806580663597,-72.5505615851805,2.7836852463883,2.78279085960871,2000.85149190031,2000.85238628709,61,WN02,WN02
1172,1173,0.0797654577346911,41.165655511402,-72.5358196190268,41.6644426540545,-73.7535178421604,2.88843602092589,2.8086705631912,2000.8773716039,2000.95713706163,61,WN02,WN02
1173,1174,0.000561945648996698,41.6644426540545,-73.7535178421604,41.6635965713212,-73.7512636841873,2.88899796657489,2.88843602092589,2000.95713706163,2000.95769900728,61,WN02,WN02
1175,1176,0.0418984722001401,41.1806580663597,-72.5505615851805,41.1446116138107,-72.5133328468994,2.82558371858844,2.7836852463883,2000.85238628709,2000.89428475929,61,WN02,WN02
1176,1189,0.0203172007968,41.1446116138107,-72.5133328468994,41.1708811236861,-72.5286639316292,2.84590091938524,2.82558371858844,2000.89428475929,2000.91460196009,61,WN02,WN02
1189,1190,0.240886127843201,41.1708811236861,-72.5286639316292,41.2264420363394,-72.1433924788582,3.08678704722844,2.84590091938524,2000.91460196009,2001.15548808793,61,WN02,WN02
1192,385,0.8344214145803,44.2789618003346,-79.609241793821,41.788353,-87.717451,3.70389895929477,2.86947754471447,2000.93817858542,2001.7726,61,WN02,WN02
1200,1298,0.0590948347000122,41.1007705821154,-73.6950517306078,41.0118340108713,-73.5249238240936,2.15466811456078,2.09557327986077,2000.16427432057,2000.22336915527,61,WN02,WN02
1200,1201,0.0668195303052705,41.1007705821154,-73.6950517306078,41.0977821517022,-73.7032334641973,2.16239281016604,2.09557327986077,2000.16427432057,2000.23109385087,61,WN02,WN02
1201,1202,0.1048889848615,41.0977821517022,-73.7032334641973,41.1437029338086,-73.6804762663871,2.26728179502754,2.16239281016604,2000.23109385087,2000.33598283573,61,WN02,WN02
1201,1281,0.0956553535585591,41.0977821517022,-73.7032334641973,41.1397397652945,-73.6399053482179,2.2580481637246,2.16239281016604,2000.23109385087,2000.32674920443,61,WN02,WN02
1202,1203,0.520423800742501,41.1437029338086,-73.6804762663871,41.0046502088969,-73.3669650774758,2.78770559577004,2.26728179502754,2000.33598283573,2000.85640663647,61,WN02,WN02
1202,1212,0.508842901500302,41.1437029338086,-73.6804762663871,41.1146384294088,-73.7390278045922,2.77612469652784,2.26728179502754,2000.33598283573,2000.84482573723,61,WN02,WN02
1203,1204,0.0598161565556801,41.0046502088969,-73.3669650774758,40.9499497759672,-73.7658774784095,2.84752175232572,2.78770559577004,2000.85640663647,2000.91622279303,61,WN02,WN02
1203,1210,1.086351366409,41.0046502088969,-73.3669650774758,41.053615707024,-73.2977549055481,3.87405696217904,2.78770559577004,2000.85640663647,2001.94275800288,61,WN02,WN02
1204,1205,0.0107582783661204,40.9499497759672,-73.7658774784095,40.9545482023211,-73.6099328852369,2.85828003069184,2.84752175232572,2000.91622279303,2000.9269810714,61,WN02,WN02
1205,1206,0.013278610540139,40.9545482023211,-73.6099328852369,40.9787766299439,-73.6334319175721,2.87155864123198,2.85828003069184,2000.9269810714,2000.94025968194,61,WN02,WN02
1205,402,0.831918928602899,40.9545482023211,-73.6099328852369,40.401127,-82.373327,3.69019895929474,2.85828003069184,2000.9269810714,2001.7589,61,WN02,WN02
1206,1207,0.00721119060422026,40.9787766299439,-73.6334319175721,40.9786772708107,-73.6335783144942,2.8787698318362,2.87155864123198,2000.94025968194,2000.94747087254,61,WN02,WN02
1210,1211,0.0498944039213498,41.053615707024,-73.2977549055481,41.036559438042,-73.375047431343,3.92395136610039,3.87405696217904,2001.94275800288,2001.9926524068,61,WN02,WN02
1212,1213,0.0870853218656791,41.1146384294088,-73.7390278045922,45.3709548709424,-101.485343837937,2.86321001839352,2.77612469652784,2000.84482573723,2000.9319110591,61,WN02,WN02
1213,1214,0.1373979793737,45.3709548709424,-101.485343837937,45.3198654539464,-101.497765053053,3.00060799776722,2.86321001839352,2000.9319110591,2001.06930903847,61,WN02,WN02
1213,1278,0.160389420398399,45.3709548709424,-101.485343837937,45.3851022230466,-101.40902483955,3.02359943879192,2.86321001839352,2000.9319110591,2001.0923004795,61,WN02,WN02
1214,1215,0.1293801460039,45.3198654539464,-101.497765053053,45.8584009372763,-101.524164202594,3.12998814377112,3.00060799776722,2001.06930903847,2001.19868918448,61,WN02,WN02
1215,1216,0.4393202203635,45.8584009372763,-101.524164202594,33.6888841710738,-118.551229847936,3.56930836413462,3.12998814377112,2001.19868918448,2001.63800940484,61,WN02,WN02
1216,1217,0.3605298334274,33.6888841710738,-118.551229847936,33.5830472799814,-117.47550104278,3.92983819756202,3.56930836413462,2001.63800940484,2001.99853923827,61,WN02,WN02
1216,1232,0.2173400711171,33.6888841710738,-118.551229847936,33.6862683136167,-118.523907015109,3.78664843525172,3.56930836413462,2001.63800940484,2001.85534947596,61,WN02,WN02
1232,1233,0.00334564882033206,33.6862683136167,-118.523907015109,33.6891454353944,-118.528434200261,3.78999408407205,3.78664843525172,2001.85534947596,2001.85869512478,61,WN02,WN02
1278,1279,0.025978455860411,45.3851022230466,-101.40902483955,45.5346928531812,-101.415429548016,3.04957789465233,3.02359943879192,2001.0923004795,2001.11827893536,61,WN02,WN02
1281,1282,0.460823684732702,41.1397397652945,-73.6399053482179,41.2015689997269,-73.9453136426944,2.7188718484573,2.2580481637246,2000.32674920443,2000.78757288916,61,WN02,WN02
1281,1295,0.4163318854789,41.1397397652945,-73.6399053482179,41.1054035790021,-73.6420711354112,2.6743800492035,2.2580481637246,2000.32674920443,2000.74308108991,61,WN02,WN02
1282,1294,0.9354952096297,41.2015689997269,-73.9453136426944,42.7283876260961,-75.2401885367645,3.654367058087,2.7188718484573,2000.78757288916,2001.72306809879,61,WN02,WN02
1282,1283,0.141429121477298,41.2015689997269,-73.9453136426944,41.1233168545906,-73.8962028991631,2.8603009699346,2.7188718484573,2000.78757288916,2000.92900201064,61,WN02,WN02
1283,1284,0.019087880370531,41.1233168545906,-73.8962028991631,41.1123185407737,-73.8866759795776,2.87938885030513,2.8603009699346,2000.92900201064,2000.94808989101,61,WN02,WN02
1284,1285,0.150842552138601,41.1123185407737,-73.8866759795776,35.9435637497212,-97.0637232360284,3.03023140244373,2.87938885030513,2000.94808989101,2001.09893244315,61,WN02,WN02
1284,1287,0.00507679409312267,41.1123185407737,-73.8866759795776,41.1094993827859,-73.8876130086764,2.88446564439825,2.87938885030513,2000.94808989101,2000.9531666851,61,WN02,WN02
1285,1286,0.7332011542057,35.9435637497212,-97.0637232360284,36.1813629347271,-103.084422888946,3.76343255664943,3.03023140244373,2001.09893244315,2001.83213359735,61,WN02,WN02
1287,1288,0.00488103253436023,41.1094993827859,-73.8876130086764,41.104191192395,-73.8844138520409,2.88934667693261,2.88446564439825,2000.9531666851,2000.95804771764,61,WN02,WN02
1288,1290,0.0365592719258494,41.104191192395,-73.8844138520409,41.1099275253785,-73.8751525381139,2.92590594885846,2.88934667693261,2000.95804771764,2000.99460698956,61,WN02,WN02
1288,1289,0.228480510627799,41.104191192395,-73.8844138520409,41.1327002560323,-73.8868069744997,3.11782718756041,2.88934667693261,2000.95804771764,2001.18652822826,61,WN02,WN02
1290,482,0.6656930104363,41.1099275253785,-73.8751525381139,43.006867,-101.312341,3.59159895929476,2.92590594885846,2000.99460698956,2001.6603,61,WN02,WN02
1295,1296,0.261332048544601,41.1054035790021,-73.6420711354112,40.9881998899699,-73.8454753389966,2.9357120977481,2.6743800492035,2000.74308108991,2001.00441313845,61,WN02,WN02
1296,1297,0.172331322973699,40.9881998899699,-73.8454753389966,41.052994048556,-74.0047442276094,3.1080434207218,2.9357120977481,2001.00441313845,2001.17674446143,61,WN02,WN02
1298,1521,0.562134068548898,41.0118340108713,-73.5249238240936,41.0713268523399,-73.6832597707693,2.71680218310968,2.15466811456078,2000.22336915527,2000.78550322381,61,WN02,WN02
1298,1299,0.186052402651299,41.0118340108713,-73.5249238240936,40.9743232515594,-73.5567380227736,2.34072051721208,2.15466811456078,2000.22336915527,2000.40942155792,61,WN02,WN02
1299,1300,0.2410107709884,40.9743232515594,-73.5567380227736,40.9632483641375,-73.4719937752325,2.58173128820048,2.34072051721208,2000.40942155792,2000.65043232891,61,WN02,SW03
1299,1401,0.0427778717018903,40.9743232515594,-73.5567380227736,40.9796497975571,-73.5709503344408,2.38349838891397,2.34072051721208,2000.40942155792,2000.45219942962,61,WN02,WN02
1300,1305,0.0644098041203502,40.9632483641375,-73.4719937752325,42.9375304062668,-78.6906663380414,2.64614109232083,2.58173128820048,2000.65043232891,2000.71484213303,61,SW03,SW03
1300,1301,0.596433448990201,40.9632483641375,-73.4719937752325,40.5502491438523,-73.608421217982,3.17816473719068,2.58173128820048,2000.65043232891,2001.2468657779,61,SW03,SW03
1305,1306,0.175697129197399,42.9375304062668,-78.6906663380414,42.8579917413128,-78.7774618817321,2.82183822151823,2.64614109232083,2000.71484213303,2000.89053926222,61,SW03,SW03
1305,1316,0.0727421809379294,42.9375304062668,-78.6906663380414,43.0043213204037,-78.6822210845942,2.71888327325876,2.64614109232083,2000.71484213303,2000.78758431396,61,SW03,SW03
1306,1307,0.06461659974822,42.8579917413128,-78.7774618817321,42.8428687523693,-77.9766574507568,2.88645482126645,2.82183822151823,2000.89053926222,2000.95515586197,61,SW03,SW03
1307,1312,0.208785995937001,42.8428687523693,-77.9766574507568,42.8369844038402,-77.8358303508826,3.09524081720345,2.88645482126645,2000.95515586197,2001.16394185791,61,SW03,SW03
1307,1308,0.000713858246303545,42.8428687523693,-77.9766574507568,42.868276815774,-77.9669077731861,2.88716867951275,2.88645482126645,2000.95515586197,2000.95586972022,61,SW03,SW03
1316,1387,0.1322798668398,43.0043213204037,-78.6822210845942,43.0179423422048,-78.7603435742563,2.85116314009856,2.71888327325876,2000.78758431396,2000.9198641808,61,SW03,SW03
1316,1317,0.1502567553501,43.0043213204037,-78.6822210845942,43.0229569032555,-78.7644606099943,2.86914002860886,2.71888327325876,2000.78758431396,2000.93784106931,61,SW03,SW03
1317,1376,0.0937637888445213,43.0229569032555,-78.7644606099943,43.0749163784531,-79.1299070841251,2.96290381745338,2.86914002860886,2000.93784106931,2001.03160485816,61,SW03,SW03
1317,1318,0.0914601572766305,43.0229569032555,-78.7644606099943,45.2505931424701,-95.5732326455786,2.96060018588549,2.86914002860886,2000.93784106931,2001.02930122659,61,SW03,SW03
1318,1325,0.774652681232901,45.2505931424701,-95.5732326455786,33.8649678331832,-112.281788076404,3.73525286711839,2.96060018588549,2001.02930122659,2001.80395390782,61,SW03,SW03
1318,1319,0.00769876752332266,45.2505931424701,-95.5732326455786,45.2525353262552,-95.5644715492353,2.96829895340881,2.96060018588549,2001.02930122659,2001.03699999411,61,SW03,SW03
1319,1321,0.1754227292131,45.2525353262552,-95.5644715492353,45.2568394928264,-95.3684044915157,3.14372168262191,2.96829895340881,2001.03699999411,2001.21242272333,61,SW03,SW03
1321,1322,0.758448689554001,45.2568394928264,-95.3684044915157,46.2427808415614,-98.7897500251365,3.90217037217591,3.14372168262191,2001.21242272333,2001.97087141288,61,SW03,SW03
1321,1324,0.6556462676539,45.2568394928264,-95.3684044915157,45.2541375200655,-95.0410168137329,3.79936795027581,3.14372168262191,2001.21242272333,2001.86806899098,61,SW03,SW03
1325,1326,0.000806279185283643,33.8649678331832,-112.281788076404,33.8621696538465,-112.287980376733,3.73605914630367,3.73525286711839,2001.80395390782,2001.80476018701,61,SW03,SW03
1325,1343,0.0533198871307299,33.8649678331832,-112.281788076404,33.8483873696258,-112.221032891948,3.78857275424912,3.73525286711839,2001.80395390782,2001.85727379495,61,SW03,SW03
1326,1331,0.0778612290806411,33.8621696538465,-112.287980376733,33.8124479698439,-111.991982455805,3.81392037538432,3.73605914630367,2001.80476018701,2001.88262141609,61,SW03,SW03
1331,1332,0.0414153020380201,33.8124479698439,-111.991982455805,33.8043746601108,-111.979324444136,3.85533567742234,3.81392037538432,2001.88262141609,2001.92403671813,61,SW03,SW03
1332,1333,0.00933319511120168,33.8043746601108,-111.979324444136,34.2619029530209,-113.352424218512,3.86466887253354,3.85533567742234,2001.92403671813,2001.93336991324,61,SW03,SW03
1343,1344,0.00410458265125868,33.8483873696258,-112.221032891948,33.7248183272537,-112.314831143301,3.79267733690038,3.78857275424912,2001.85727379495,2001.8613783776,61,SW03,SW03
1376,1379,0.0856027733858991,43.0749163784531,-79.1299070841251,43.0966115408584,-79.1553994515832,3.04850659083928,2.96290381745338,2001.03160485816,2001.11720763154,61,SW03,SW03
1387,1388,0.03718976621305,43.0179423422048,-78.7603435742563,43.0344547552737,-78.6875112648472,2.88835290631161,2.85116314009856,2000.9198641808,2000.95705394702,61,SW03,SW03
1401,1402,0.151062308575799,40.9796497975571,-73.5709503344408,41.0419732210839,-73.5771929245619,2.53456069748977,2.38349838891397,2000.45219942962,2000.60326173819,61,WN02,WN02
1401,1442,0.214716729511998,40.9796497975571,-73.5709503344408,40.8919721879858,-73.5844271795775,2.59821511842597,2.38349838891397,2000.45219942962,2000.66691615913,61,WN02,WN02
1402,1403,0.178117046032099,41.0419732210839,-73.5771929245619,41.0456906810866,-73.2321599303825,2.71267774352187,2.53456069748977,2000.60326173819,2000.78137878423,61,WN02,WN02
1402,1437,0.335553430909499,41.0419732210839,-73.5771929245619,41.091755397345,-73.6168269578734,2.87011412839927,2.53456069748977,2000.60326173819,2000.9388151691,61,WN02,WN02
1403,1404,0.078633213441222,41.0456906810866,-73.2321599303825,41.0274628854918,-73.3330441193673,2.79131095696309,2.71267774352187,2000.78137878423,2000.86001199767,61,WN02,WN02
1403,1431,0.0997088656302907,41.0456906810866,-73.2321599303825,42.9235109066146,-73.5197327803095,2.81238660915216,2.71267774352187,2000.78137878423,2000.88108764986,61,WN02,WN02
1404,1405,0.079391615839759,41.0274628854918,-73.3330441193673,41.07533971651,-73.5215220262383,2.87070257280285,2.79131095696309,2000.86001199767,2000.93940361351,61,WN02,WN02
1404,1423,0.0542582265511697,41.0274628854918,-73.3330441193673,41.0275462108284,-73.1569645989797,2.84556918351426,2.79131095696309,2000.86001199767,2000.91427022422,61,WN02,WN02
1405,1407,0.00901088460668475,41.07533971651,-73.5215220262383,40.94620653237,-73.6879958630517,2.87971345740953,2.87070257280285,2000.93940361351,2000.94841449811,61,WN02,WN02
1405,1406,0.0152337858113309,41.07533971651,-73.5215220262383,41.1012813110075,-73.4841626133317,2.88593635861418,2.87070257280285,2000.93940361351,2000.95463739932,61,WN02,WN02
1407,1408,0.000948927479585748,40.94620653237,-73.6879958630517,40.9409052424127,-73.688492619904,2.88066238488912,2.87971345740953,2000.94841449811,2000.94936342559,61,WN02,WN02
1407,1420,0.1736502470528,40.94620653237,-73.6879958630517,43.8790322386947,-74.2912525125263,3.05336370446233,2.87971345740953,2000.94841449811,2001.12206474517,61,WN02,WN02
1408,1416,0.1825172577814,40.9409052424127,-73.688492619904,40.9401690988202,-73.7183280582675,3.06317964267052,2.88066238488912,2000.94936342559,2001.13188068338,61,WN02,WN02
1408,1409,0.000762407378468666,40.9409052424127,-73.688492619904,40.9223442076656,-73.6883150459066,2.88142479226759,2.88066238488912,2000.94936342559,2000.95012583297,61,WN02,WN02
1409,1410,0.000404900024681965,40.9223442076656,-73.6883150459066,40.9502686173665,-73.731180451463,2.88182969229227,2.88142479226759,2000.95012583297,2000.950530733,61,WN02,WN02
1410,1412,0.265158279046101,40.9502686173665,-73.731180451463,40.8644165598553,-74.8922577074566,3.14698797133837,2.88182969229227,2000.950530733,2001.21568901204,61,WN02,WN02
1410,1411,0.3253767233728,40.9502686173665,-73.731180451463,43.9800447879535,-79.4138684031223,3.20720641566507,2.88182969229227,2000.950530733,2001.27590745637,61,WN02,WN02
1416,1417,0.1545076641866,40.9401690988202,-73.7183280582675,40.9095809612826,-73.7605187274561,3.21768730685712,3.06317964267052,2001.13188068338,2001.28638834756,61,WN02,WN02
1420,1421,0.0720128598818413,43.8790322386947,-74.2912525125263,43.8578012391792,-74.3025053452637,3.12537656434418,3.05336370446233,2001.12206474517,2001.19407760505,61,WN02,WN02
1421,1422,0.735639632119899,43.8578012391792,-74.3025053452637,43.8705525865923,-74.3452076640545,3.86101619646407,3.12537656434418,2001.19407760505,2001.92971723717,61,WN02,WN02
1423,1424,0.00805091567760385,41.0275462108284,-73.1569645989797,41.040358858696,-73.1585346346028,2.85362009919186,2.84556918351426,2000.91427022422,2000.9223211399,61,WN02,WN02
1424,1425,0.2443264140546,41.040358858696,-73.1585346346028,41.8843090548111,-74.2538311882304,3.09794651324646,2.85362009919186,2000.9223211399,2001.16664755395,61,WN02,WN02
1425,1426,0.626335078294399,41.8843090548111,-74.2538311882304,30.0565207966311,-95.2806932182134,3.72428159154086,3.09794651324646,2001.16664755395,2001.79298263225,61,WN02,WN02
1431,1432,0.0654190052531192,42.9235109066146,-73.5197327803095,42.8787031514549,-73.5175093644628,2.87780561440528,2.81238660915216,2000.88108764986,2000.94650665511,61,WN02,WN02
1432,1433,0.992068388856501,42.8787031514549,-73.5175093644628,30.3268529764246,-95.7084023259329,3.86987400326178,2.87780561440528,2000.94650665511,2001.93857504397,61,WN02,WN02
1437,1438,0.00748491616882418,41.091755397345,-73.6168269578734,41.0861938718525,-73.6078042694281,2.87759904456809,2.87011412839927,2000.9388151691,2000.94630008527,61,WN02,WN02
1442,1443,0.115557176854301,40.8919721879858,-73.5844271795775,41.3247043905697,-72.866677634079,2.71377229528027,2.59821511842597,2000.66691615913,2000.78247333598,61,WN02,WN02
1442,1450,0.0499141792999911,40.8919721879858,-73.5844271795775,40.9338202424392,-73.6806753264509,2.64812929772596,2.59821511842597,2000.66691615913,2000.71683033843,61,WN02,WN02
1443,1444,0.0616943379986097,41.3247043905697,-72.866677634079,41.3167672952193,-72.8851986112474,2.77546663327888,2.71377229528027,2000.78247333598,2000.84416767398,61,WN02,WN02
1443,1447,0.1206661338737,41.3247043905697,-72.866677634079,42.1709055561251,-73.9515936490435,2.83443842915397,2.71377229528027,2000.78247333598,2000.90313946986,61,WN02,WN02
1444,1445,0.1122713727502,41.3167672952193,-72.8851986112474,41.2831899212786,-72.8832922999432,2.88773800602908,2.77546663327888,2000.84416767398,2000.95643904673,61,WN02,WN02
1444,1446,0.1906097510251,41.3167672952193,-72.8851986112474,41.3250743130608,-72.7717339297513,2.96607638430398,2.77546663327888,2000.84416767398,2001.03477742501,61,WN02,WN02
1447,1448,0.0347469789324197,42.1709055561251,-73.9515936490435,42.1163504145628,-74.1596895308159,2.86918540808639,2.83443842915397,2000.90313946986,2000.93788644879,61,WN02,WN02
1448,1449,0.1768492095264,42.1163504145628,-74.1596895308159,42.0983854310242,-74.9864271399533,3.04603461761279,2.86918540808639,2000.93788644879,2001.11473565832,61,WN02,WN02
1450,1451,0.00851805303253705,40.9338202424392,-73.6806753264509,40.9147271034053,-73.6667256471932,2.6566473507585,2.64812929772596,2000.71683033843,2000.72534839146,61,WN02,WN02
1450,1497,0.030661151443379,40.9338202424392,-73.6806753264509,40.9189526343156,-73.6607651055293,2.67879044916934,2.64812929772596,2000.71683033843,2000.74749148987,61,WN02,WN02
1451,1461,0.0253752953372306,40.9147271034053,-73.6667256471932,41.231946335299,-74.3192240933585,2.68202264609573,2.6566473507585,2000.72534839146,2000.7507236868,61,WN02,WN02
1451,1452,0.2032274384906,40.9147271034053,-73.6667256471932,40.85059637725,-73.5733020829163,2.8598747892491,2.6566473507585,2000.72534839146,2000.92857582995,61,WN02,WN02
1452,1453,0.00694184411644017,40.85059637725,-73.5733020829163,40.8452305724173,-73.5769950731084,2.86681663336554,2.8598747892491,2000.92857582995,2000.93551767407,61,WN02,WN02
1453,1454,0.131181250919601,40.8452305724173,-73.5769950731084,42.9940816565214,-76.3034923423113,2.99799788428514,2.86681663336554,2000.93551767407,2001.06669892499,61,WN02,WN02
1453,1459,0.0218475901108199,40.8452305724173,-73.5769950731084,40.8323915682514,-73.5591087187867,2.88866422347636,2.86681663336554,2000.93551767407,2000.95736526418,61,WN02,WN02
1459,1460,0.00206042509710969,40.8323915682514,-73.5591087187867,40.8716935228762,-73.6057188959114,2.89072464857347,2.88866422347636,2000.95736526418,2000.95942568928,61,WN02,WN02
1461,1486,0.1466016262113,41.231946335299,-74.3192240933585,41.3074399384717,-74.4052444590099,2.82862427230703,2.68202264609573,2000.7507236868,2000.89732531301,61,WN02,WN02
1461,1462,0.0313613562323791,41.231946335299,-74.3192240933585,41.2618384835791,-74.4227085438228,2.71338400232811,2.68202264609573,2000.7507236868,2000.78208504303,61,WN02,WN02
1462,1463,0.00687303999376354,41.2618384835791,-74.4227085438228,41.2569110996135,-74.4188442528066,2.72025704232187,2.71338400232811,2000.78208504303,2000.78895808303,61,WN02,WN02
1462,1483,0.1676891432649,41.2618384835791,-74.4227085438228,41.5543772140775,-74.5554584913034,2.88107314559301,2.71338400232811,2000.78208504303,2000.9497741863,61,WN02,WN02
1463,1464,0.00161586173621053,41.2569110996135,-74.4188442528066,41.2602280332125,-74.4359094799676,2.72187290405808,2.72025704232187,2000.78895808303,2000.79057394476,61,WN02,WN02
1463,1481,0.351704603127601,41.2569110996135,-74.4188442528066,41.2697821160287,-74.4209222186224,3.07196164544947,2.72025704232187,2000.78895808303,2001.14066268615,61,WN02,WN02
1464,1465,0.130183565760902,41.2602280332125,-74.4359094799676,41.3893983607873,-74.3261593216121,2.85205646981898,2.72187290405808,2000.79057394476,2000.92075751052,61,WN02,WN02
1465,1470,0.0769969342287489,41.3893983607873,-74.3261593216121,42.6308375318859,-77.931594860297,2.92905340404773,2.85205646981898,2000.92075751052,2000.99775444475,61,WN02,WN02
1465,1466,0.113886820415599,41.3893983607873,-74.3261593216121,41.2053851805779,-73.9444760262706,2.96594329023458,2.85205646981898,2000.92075751052,2001.03464433094,61,WN02,WN02
1466,1467,0.7773428356419,41.2053851805779,-73.9444760262706,41.1859213044014,-73.8376055873409,3.74328612587648,2.96594329023458,2001.03464433094,2001.81198716658,61,WN02,WN02
1470,1471,0.874272924876701,42.6308375318859,-77.931594860297,42.6195141595902,-77.9258085646706,3.80332632892443,2.92905340404773,2000.99775444475,2001.87202736963,61,WN02,WN02
1470,1479,0.119494439313801,42.6308375318859,-77.931594860297,42.6054137725992,-77.8284467577007,3.04854784336153,2.92905340404773,2000.99775444475,2001.11724888407,61,WN02,WN02
1486,1487,0.0379840421057391,41.3074399384717,-74.4052444590099,41.3867971776489,-73.7876698681202,2.86660831441277,2.82862427230703,2000.89732531301,2000.93530935512,61,WN02,WN02
1487,1496,0.958879028494,41.3867971776489,-73.7876698681202,41.3610884819522,-73.6930623781605,3.82548734290677,2.86660831441277,2000.93530935512,2001.89418838361,61,WN02,WN02
1487,1488,0.008106350471623,41.3867971776489,-73.7876698681202,41.408528433689,-73.7917373960723,2.87471466488439,2.86660831441277,2000.93530935512,2000.94341570559,61,WN02,WN02
1488,1489,0.0379834071037202,41.408528433689,-73.7917373960723,41.3942097131266,-73.7870369264291,2.91269807198811,2.87471466488439,2000.94341570559,2000.98139911269,61,WN02,WN02
1489,1490,0.1181694115733,41.3942097131266,-73.7870369264291,41.591139070006,-74.2293505249258,3.03086748356141,2.91269807198811,2000.98139911269,2001.09956852427,61,WN02,WN02
1497,1499,0.0620644625816897,40.9189526343156,-73.6607651055293,40.9774627233873,-73.7182413479506,2.74085491175103,2.67879044916934,2000.74749148987,2000.80955595246,61,WN02,WN02
1499,1504,0.0690483028749913,40.9774627233873,-73.7182413479506,40.9011769845742,-73.7617701798068,2.80990321462602,2.74085491175103,2000.80955595246,2000.87860425533,61,WN02,WN02
1499,1500,0.127124769536302,40.9774627233873,-73.7182413479506,40.984792444129,-73.6863495057746,2.86797968128733,2.74085491175103,2000.80955595246,2000.93668072199,61,WN02,WN02
1500,1501,0.05781463505798,40.984792444129,-73.6863495057746,41.0821813765907,-73.8672622807601,2.92579431634531,2.86797968128733,2000.93668072199,2000.99449535705,61,WN02,WN02
1501,1502,0.0100156036001486,41.0821813765907,-73.8672622807601,41.0819688118146,-73.8539938257234,2.93580991994546,2.92579431634531,2000.99449535705,2001.00451096065,61,WN02,WN02
1504,1514,0.297419810344799,40.9011769845742,-73.7617701798068,41.2728518152211,-72.9501297061949,3.10732302497082,2.80990321462602,2000.87860425533,2001.17602406568,61,WN02,WN02
1504,1505,0.0271706084504704,40.9011769845742,-73.7617701798068,40.9087184146602,-73.7546088628521,2.83707382307649,2.80990321462602,2000.87860425533,2000.90577486378,61,WN02,WN02
1505,1513,0.3080835898002,40.9087184146602,-73.7546088628521,42.7378035044316,-74.1520438660239,3.14515741287669,2.83707382307649,2000.90577486378,2001.21385845358,61,WN02,WN02
1505,1506,0.0147921207908297,40.9087184146602,-73.7546088628521,40.9030065038204,-73.7660318280426,2.85186594386732,2.83707382307649,2000.90577486378,2000.92056698457,61,WN02,WN02
1506,1507,0.2696016739221,40.9030065038204,-73.7660318280426,40.8728967820953,-73.7615782901982,3.12146761778942,2.85186594386732,2000.92056698457,2001.19016865849,61,WN02,WN02
1507,1510,0.6633882230804,40.8728967820953,-73.7615782901982,40.9804847220293,-73.6580630193958,3.78485584086982,3.12146761778942,2001.19016865849,2001.85355688157,61,WN02,WN02
1514,1516,0.09437876603638,41.2728518152211,-72.9501297061949,41.2790657846033,-72.8906741185892,3.2017017910072,3.10732302497082,2001.17602406568,2001.27040283171,61,WN02,WN02
1521,1546,0.0551908201132498,41.0713268523399,-73.6832597707693,41.0315704350981,-73.6165353501149,2.77199300322293,2.71680218310968,2000.78550322381,2000.84069404393,61,WN02,WN02
1521,1522,0.00354150166086065,41.0713268523399,-73.6832597707693,41.0734881941489,-73.649278188824,2.72034368477054,2.71680218310968,2000.78550322381,2000.78904472548,61,WN02,WN02
1522,1537,0.116707156223701,41.0734881941489,-73.649278188824,41.0121922818417,-73.6237613604194,2.83705084099424,2.72034368477054,2000.78904472548,2000.9057518817,61,WN02,WN02
1522,1523,0.0805245866398803,41.0734881941489,-73.649278188824,40.9877778909072,-73.5549355906338,2.80086827141042,2.72034368477054,2000.78904472548,2000.86956931211,61,WN02,WN02
1523,1524,0.0537329616392004,40.9877778909072,-73.5549355906338,41.0078253016323,-73.4754033816986,2.85460123304962,2.80086827141042,2000.86956931211,2000.92330227375,61,WN02,WN02
1523,1532,0.0565652755816597,40.9877778909072,-73.5549355906338,41.0095666402491,-73.4942776801588,2.85743354699208,2.80086827141042,2000.86956931211,2000.9261345877,61,WN02,WN02
1524,1525,0.0157464128118701,41.0078253016323,-73.4754033816986,41.0281201215195,-73.6102202545833,2.87034764586149,2.85460123304962,2000.92330227375,2000.93904868657,61,WN02,WN02
1525,1526,0.244639742914499,41.0281201215195,-73.6102202545833,41.0751345585731,-73.4706542127218,3.11498738877599,2.87034764586149,2000.93904868657,2001.18368842948,61,WN02,WN02
1525,1530,0.0257147383188592,41.0281201215195,-73.6102202545833,41.0402565157987,-73.6298523954446,2.89606238418035,2.87034764586149,2000.93904868657,2000.96476342488,61,WN02,WN02
1526,1527,0.692962073016,41.0751345585731,-73.4706542127218,41.5613148991476,-74.0278824133909,3.80794946179199,3.11498738877599,2001.18368842948,2001.8766505025,61,WN02,WN02
1530,1531,0.0304536489281695,41.0402565157987,-73.6298523954446,41.0505900425223,-73.6631325934448,2.92651603310852,2.89606238418035,2000.96476342488,2000.99521707381,61,WN02,WN02
1532,1533,0.252901393941301,41.0095666402491,-73.4942776801588,41.1115073912573,-73.4898298016272,3.11033494093338,2.85743354699208,2000.9261345877,2001.17903598164,61,WN02,WN02
1533,1534,0.782127928197299,41.1115073912573,-73.4898298016272,41.3996062466411,-73.6912672660592,3.89246286913068,3.11033494093338,2001.17903598164,2001.96116390984,61,WN02,WN02
1537,1538,0.1779324596931,41.0121922818417,-73.6237613604194,40.9726300291192,-73.6355781738284,3.01498330068734,2.83705084099424,2000.9057518817,2001.08368434139,61,WN02,WN02
1538,1543,0.738313640605799,40.9726300291192,-73.6355781738284,41.1881076064947,-73.735998766502,3.75329694129314,3.01498330068734,2001.08368434139,2001.821997982,61,WN02,WN02
1546,1548,0.0847850588860108,41.0315704350981,-73.6165353501149,41.0054603370514,-73.6487202634755,2.85677806210894,2.77199300322293,2000.84069404393,2000.92547910281,61,WN02,WN02
1546,1547,0.0611288259154694,41.0315704350981,-73.6165353501149,40.996963198715,-73.548180254008,2.8331218291384,2.77199300322293,2000.84069404393,2000.90182286984,61,WN02,WN02
1548,1550,0.0681823108291386,41.0054603370514,-73.6487202634755,40.9786268285812,-73.679142495713,2.92496037293808,2.85677806210894,2000.92547910281,2000.99366141364,61,WN02,WN02
1548,1549,0.930952669204,41.0054603370514,-73.6487202634755,41.016025338495,-73.577193135209,3.78773073131294,2.85677806210894,2000.92547910281,2001.85643177202,61,WN02,WN02
1550,1551,0.8757430098509,40.9786268285812,-73.679142495713,41.0460532621103,-73.750755403049,3.80070338278898,2.92496037293808,2000.99366141364,2001.86940442349,61,WN02,WN02
1551,1568,0.0830535964530608,41.0460532621103,-73.750755403049,41.0648501421928,-73.7425545740635,3.88375697924204,3.80070338278898,2001.86940442349,2001.95245801995,61,WN02,WN02
1569,1570,0.879079642221502,41.1245297732117,-73.8558138976657,43.4359253795354,-76.3728926073386,1.80352452995639,0.924444887734889,1998.99314592844,1999.87222557066,61,NY99,NY99
1569,766,1.55875407156,41.1245297732117,-73.8558138976657,41.099811,-73.991752,2.48319895929489,0.924444887734889,1998.99314592844,2000.5519,61,NY99,NY99
1570,767,0.127774429338498,43.4359253795354,-76.3728926073386,43.410245,-76.231987,1.93129895929489,1.80352452995639,1999.87222557066,2000,61,NY99,NY99
1570,1571,0.141611984356899,43.4359253795354,-76.3728926073386,43.4231231699754,-76.4111071075498,1.94513651431329,1.80352452995639,1999.87222557066,2000.01383755502,61,NY99,NY99
1571,1572,0.8787841510036,43.4231231699754,-76.4111071075498,43.2079952513917,-89.0784211398323,2.82392066531689,1.94513651431329,2000.01383755502,2000.89262170602,61,NY99,NY99
1571,1576,0.257644591418799,43.4231231699754,-76.4111071075498,40.3506186117121,-82.7370014025572,2.20278110573209,1.94513651431329,2000.01383755502,2000.27148214644,61,NY99,NY99
1572,1573,0.0565155248948894,43.2079952513917,-89.0784211398323,43.9368498067523,-90.5105060016777,2.88043619021178,2.82392066531689,2000.89262170602,2000.94913723092,61,NY99,NY99
1572,1574,0.0442551588996096,43.2079952513917,-89.0784211398323,43.0959548523545,-89.3764659544652,2.8681758242165,2.82392066531689,2000.89262170602,2000.93687686492,61,NY99,NY99
1573,769,0.765962769083,43.9368498067523,-90.5105060016777,33.030837,-92.266432,3.64639895929478,2.88043619021178,2000.94913723092,2001.7151,61,NY99,NY99
1574,1575,0.219111839524899,43.0959548523545,-89.3764659544652,42.1063677182727,-88.2139979183003,3.0872876637414,2.8681758242165,2000.93687686492,2001.15598870445,61,NY99,NY99
1574,770,0.800123135078399,43.0959548523545,-89.3764659544652,43.078088,-89.335637,3.6682989592949,2.8681758242165,2000.93687686492,2001.737,61,NY99,NY99
1575,771,0.581011295553601,42.1063677182727,-88.2139979183003,31.578763,-91.303208,3.668298959295,3.0872876637414,2001.15598870445,2001.737,61,NY99,NY99
1575,772,0.581011295553601,42.1063677182727,-88.2139979183003,41.988845,-88.069963,3.668298959295,3.0872876637414,2001.15598870445,2001.737,61,NY99,NY99
1576,1595,0.0424064960962092,40.3506186117121,-82.7370014025572,40.3966158481567,-82.7794711253704,2.2451876018283,2.20278110573209,2000.27148214644,2000.31388864253,61,NY99,NY99
1576,1577,0.263586408120201,40.3506186117121,-82.7370014025572,40.3400780890926,-82.7967945760943,2.46636751385229,2.20278110573209,2000.27148214644,2000.53506855456,61,NY99,NY99
1577,773,0.4649314454426,40.3400780890926,-82.7967945760943,26.95881,-80.104774,2.93129895929489,2.46636751385229,2000.53506855456,2001,61,NY99,NY99
1577,1578,0.267024664594999,40.3400780890926,-82.7967945760943,40.2876372624975,-82.5033269254366,2.73339217844729,2.46636751385229,2000.53506855456,2000.80209321915,61,NY99,NY99
1578,1588,0.00942180956488237,40.2876372624975,-82.5033269254366,31.9177826539802,-86.381202282379,2.74281398801217,2.73339217844729,2000.80209321915,2000.81151502872,61,NY99,NY99
1578,1579,0.0388971178705901,40.2876372624975,-82.5033269254366,40.302036210894,-82.5188925704873,2.77228929631788,2.73339217844729,2000.80209321915,2000.84099033702,61,NY99,NY99
1579,1580,0.0686402582749999,40.302036210894,-82.5188925704873,40.2707404474735,-82.5371988745761,2.84092955459288,2.77228929631788,2000.84099033702,2000.9096305953,61,NY99,NY99
1579,1583,0.067110713414511,40.302036210894,-82.5188925704873,40.2893004657275,-82.5304157966287,2.83940000973239,2.77228929631788,2000.84099033702,2000.90810105044,61,NY99,NY99
1580,1581,0.0155471368746305,40.2707404474735,-82.5371988745761,40.3322484116371,-82.5899167904789,2.85647669146751,2.84092955459288,2000.9096305953,2000.92517773217,61,NY99,NY99
1580,1582,0.0482764718190207,40.2707404474735,-82.5371988745761,39.3083617359096,-78.7619480059771,2.8892060264119,2.84092955459288,2000.9096305953,2000.95790706712,61,NY99,NY99
1581,774,0.8310222678274,40.3322484116371,-82.5899167904789,38.890809,-77.158942,3.68749895929491,2.85647669146751,2000.92517773217,2001.7562,61,NY99,NY99
1582,777,0.8721929328829,39.3083617359096,-78.7619480059771,39.769405,-74.133951,3.7613989592948,2.8892060264119,2000.95790706712,2001.8301,61,NY99,NY99
1583,1584,0.0049049870088691,40.2893004657275,-82.5304157966287,40.3011606088628,-82.5380894291519,2.84430499674126,2.83940000973239,2000.90810105044,2000.91300603745,61,NY99,NY99
1583,1587,0.0473355802146305,40.2893004657275,-82.5304157966287,40.5937883868889,-81.2443030530035,2.88673558994702,2.83940000973239,2000.90810105044,2000.95543663065,61,NY99,NY99
1584,1586,0.0894177584954807,40.3011606088628,-82.5380894291519,35.3912353801162,-84.4281428266978,2.93372275523674,2.84430499674126,2000.91300603745,2001.00242379594,61,NY99,NY99
1584,1585,0.2062148395687,40.3011606088628,-82.5380894291519,40.0989581416335,-82.9882527708261,3.05051983630996,2.84430499674126,2000.91300603745,2001.11922087701,61,NY99,NY99
1585,778,0.582179122984801,40.0989581416335,-82.9882527708261,40.021314,-83.133264,3.63269895929476,3.05051983630996,2001.11922087701,2001.7014,61,NY99,NY99
1586,781,0.748276204058199,35.3912353801162,-84.4281428266978,34.089419,-84.3574,3.68199895929494,2.93372275523674,2001.00242379594,2001.7507,61,NY99,NY99
1587,782,0.7459633693478,40.5937883868889,-81.2443030530035,41.530238,-81.560107,3.63269895929482,2.88673558994702,2000.95543663065,2001.7014,61,NY99,NY99
1587,783,0.743163369347799,40.5937883868889,-81.2443030530035,34.171485,-84.27267,3.62989895929482,2.88673558994702,2000.95543663065,2001.6986,61,NY99,NY99
1588,1589,1.013950995752,31.9177826539802,-86.381202282379,31.8985298856534,-86.2789054292161,3.75676498376417,2.74281398801217,2000.81151502872,2001.82546602447,61,NY99,NY99
1588,1591,0.1488359935188,31.9177826539802,-86.381202282379,31.908921132466,-86.210817045656,2.89164998153097,2.74281398801217,2000.81151502872,2000.96035102224,61,NY99,NY99
1591,1592,0.0736377505911499,31.908921132466,-86.210817045656,31.865699531631,-86.1815010961373,2.96528773212212,2.89164998153097,2000.96035102224,2001.03398877283,61,NY99,NY99
1591,791,0.741048977763901,31.908921132466,-86.210817045656,32.125278,-86.406652,3.63269895929487,2.89164998153097,2000.96035102224,2001.7014,61,NY99,NY99
1592,1593,0.0344167867793708,31.865699531631,-86.1815010961373,34.9580583469578,-93.8543486647583,2.99970451890149,2.96528773212212,2001.03398877283,2001.06840555961,61,NY99,NY99
1592,1594,0.238574837810701,31.865699531631,-86.1815010961373,41.543888403163,-88.191541412508,3.20386256993282,2.96528773212212,2001.03398877283,2001.27256361064,61,NY99,NY99
1593,788,0.665794440393499,34.9580583469578,-93.8543486647583,34.560047,-92.54645,3.66549895929499,2.99970451890149,2001.06840555961,2001.7342,61,NY99,NY99
1593,787,0.665794440393499,34.9580583469578,-93.8543486647583,34.95872,-94.308543,3.66549895929499,2.99970451890149,2001.06840555961,2001.7342,61,NY99,NY99
1594,789,0.4644363893622,41.543888403163,-88.191541412508,44.003356,-89.389608,3.66829895929502,3.20386256993282,2001.27256361064,2001.737,61,NY99,NY99
1594,790,0.524736389362099,41.543888403163,-88.191541412508,41.569751,-88.238982,3.72859895929492,3.20386256993282,2001.27256361064,2001.7973,61,NY99,NY99
1595,1596,0.514822589792802,40.3966158481567,-82.7794711253704,41.1768324700314,-83.4206973702762,2.7600101916211,2.2451876018283,2000.31388864253,2000.82871123233,61,NY99,NY99
1596,794,0.9191887676738,41.1768324700314,-83.4206973702762,41.47147,-81.616047,3.6791989592949,2.7600101916211,2000.82871123233,2001.7479,61,NY99,NY99
1596,1597,0.0468367215542997,41.1768324700314,-83.4206973702762,41.1416978200767,-83.4468089683204,2.8068469131754,2.7600101916211,2000.82871123233,2000.87554795388,61,NY99,NY99
1597,793,0.842252046119301,41.1416978200767,-83.4468089683204,41.17912,-83.534368,3.6490989592947,2.8068469131754,2000.87554795388,2001.7178,61,NY99,NY99
1598,1599,1.196357951384,39.1253198499202,-76.7835282668906,39.2441454380907,-76.6109707191669,2.80565083861927,1.60929288723527,1999.67799392794,2000.87435187932,61,NY99,NY99
1598,1601,0.212526708980899,39.1253198499202,-76.7835282668906,39.0540922090114,-76.5390567911814,1.82181959621617,1.60929288723527,1999.67799392794,1999.89052063692,61,NY99,NY99
1599,1600,0.225185069610001,39.2441454380907,-76.6109707191669,39.380666298697,-76.6051330996728,3.03083590822927,2.80565083861927,2000.87435187932,2001.09953694893,61,NY99,NY99
1601,800,0.1094793630783,39.0540922090114,-76.5390567911814,39.209675,-76.559966,1.93129895929447,1.82181959621617,1999.89052063692,2000,61,NY99,NY99
1601,799,1.808079363078,39.0540922090114,-76.5390567911814,39.053705,-76.637317,3.62989895929417,1.82181959621617,1999.89052063692,2001.6986,61,NY99,NY99
