Elevation,Land_cover_forests,Land_cover_shrublands,Land_cover_savannas,Land_cover_grasslands,Land_cover_croplands,Land_cover_urban_areas,Temperature_interpolated_rasters,Precipitation_interpolated_rasters
31.6299991607666,25,0,0,7,3,39,3.62312436103821,738.200012207031
46.2099990844727,6,0,0,1,2,88,17.5194892883301,1158.02880859375
48.0200004577637,26,0,0,0,1,72,3.73436331748962,717.659118652344
96.4100036621094,5,0,0,0,3,92,0.342105507850647,538.987548828125
48,17,0,0,0,0,83,0.0700902342796326,532.91943359375
48,17,0,0,0,0,83,0.0700902342796326,532.91943359375
117.76000213623,80,0,0,0,0,20,18.8380832672119,1151.07299804688
148.220001220703,1,0,0,0,0,99,15.6321249008179,1025.5615234375
285.779998779297,99,0,0,0,0,1,10.5835943222046,776.378356933594
301.510009765625,83,0,0,0,15,2,22.9652328491211,945.642150878906
209.339996337891,0,0,0,0,100,0,0.920899152755737,624.552856445312
278.920013427734,78,0,0,0,22,0,24.1398544311523,554.980407714844
214.559997558594,58,0,0,0,42,0,16.7319946289062,1044.39697265625
63.8800010681152,18,0,0,0,0,82,18.2210559844971,3011.68090820312
40.1199989318848,25,0,0,52,2,20,-0.382031679153442,565.276733398438
40.1199989318848,25,0,0,52,2,20,-0.524501025676727,578.640502929688
130.589996337891,46,0,0,0,2,52,-0.120040759444237,568.430419921875
470.309997558594,97,0,0,1,2,0,20.2796535491943,1001.25299072266
87.9499969482422,22,0,0,0,23,55,0.358995527029037,546.437194824219
49.9199981689453,21,0,0,1,1,66,11.5462808609009,522.640502929688
49.9199981689453,21,0,0,1,1,66,11.5462684631348,523.8095703125
48.0200004577637,26,0,0,0,1,72,11.0124979019165,908.562622070312
47.0400009155273,5,0,0,0,11,82,1.94847452640533,523.152282714844
18.9899997711182,66,0,0,0,8,21,11.6375217437744,304.752471923828
18.9899997711182,66,0,0,0,8,21,NA,NA
66.7699966430664,75,0,0,0,25,0,-0.102022215723991,792.528930664062
NA,NA,NA,NA,NA,NA,NA,NA,NA
26.8899993896484,74,0,0,5,3,0,NA,NA
565.950012207031,73,0,0,0,27,0,20.1854667663574,723.612976074219
543.570007324219,86,0,6,0,8,0,2.4444305896759,346.757263183594
535.510009765625,88,0,0,0,12,0,21.1913242340088,2113.85327148438
546.380004882812,87,0,0,0,13,0,4.59735774993896,1157.20446777344
112.769996643066,5,0,8,0,87,0,25.4830474853516,1683.80017089844
458.140014648438,96,0,0,0,4,0,24.0443496704102,865.453491210938
132.660003662109,100,0,0,0,0,0,-2.18917083740234,1244.12524414062
273.899993896484,0,0,0,2,29,69,-7.08956480026245,460.249481201172
753.869995117188,0,85,0,0,0,0,24.3880786895752,2.45076537132263
858.150024414062,0,97,0,3,0,0,6.67366361618042,432.431365966797
998.450012207031,0,68,0,29,0,0,6.21027326583862,448.906646728516
391.059997558594,100,0,0,0,0,0,NA,NA
334.890014648438,0,10,0,1,0,0,27.8235511779785,37.0802383422852
273.899993896484,0,0,0,2,29,69,-11.9655590057373,658.32373046875
280.959991455078,0,0,0,0,1,99,-11.8590040206909,637.891662597656
238.880004882812,3,0,13,0,9,75,-2.28835201263428,202.037490844727
208.589996337891,18,0,82,0,0,0,22.9308204650879,1172.62976074219
300.739990234375,95,0,0,5,0,0,NA,NA
306.179992675781,0,0,0,0,32,68,7.53668689727783,759.081970214844
364.059997558594,99,0,0,0,1,0,-4.49927711486816,358.331268310547
427.589996337891,100,0,0,0,0,0,-2.45736050605774,261.814910888672
421.040008544922,100,0,0,0,0,0,19.9184341430664,628.039611816406
427.589996337891,100,0,0,0,0,0,-2.46934986114502,265.042541503906
137.860000610352,0,0,0,100,0,0,14.0666093826294,33.0635986328125
247.990005493164,0,66,0,0,0,0,30.1623191833496,69.6520919799805
329.399993896484,28,0,0,0,72,0,9.54176044464111,723.627258300781
414.160003662109,81,0,1,15,3,0,3.02427744865417,1384.31652832031
416.769989013672,0,0,0,0,100,0,20.9876594543457,806.203063964844
418.079986572266,100,0,0,0,0,0,1.83574771881104,996.407043457031
350.730010986328,100,0,0,0,0,0,14.3883533477783,826.513793945312
603.119995117188,100,0,0,0,0,0,23.4759292602539,1232.6513671875
273.899993896484,0,0,0,2,29,69,-11.9584760665894,657.625
273.899993896484,0,0,0,2,29,69,-11.9622926712036,659.358703613281
317.869995117188,53,0,47,0,0,0,NA,NA
305.209991455078,0,0,0,0,100,0,-4.00596237182617,200.031707763672
1237.32995605469,60,0,40,0,0,0,NA,NA
2082.51000976562,10,0,90,0,0,0,NA,NA
2082.51000976562,10,0,90,0,0,0,NA,NA
2406.92993164062,0,0,100,0,0,0,NA,NA
2476.69995117188,32,0,65,2,1,0,NA,NA
2137.81005859375,0,0,100,0,0,0,NA,NA
1914.31994628906,77,0,23,0,0,0,NA,NA
1935.26000976562,75,0,25,0,0,0,NA,NA
1930.25,20,0,80,0,0,0,NA,NA
2062.89990234375,7,0,93,0,0,0,NA,NA
736.130004882812,5,0,94,0,1,0,NA,NA
973.820007324219,43,0,57,0,0,0,NA,NA
151.029998779297,2,0,93,0,5,0,NA,NA
417.820007324219,83,0,5,3,9,0,16.2857208251953,422.350036621094
261.489990234375,1,0,0,0,3,96,-11.9989881515503,660.397399902344
289.339996337891,0,0,0,0,100,0,21.1318130493164,685.503784179688
84.7300033569336,0,0,0,0,100,0,14.5172529220581,1168.84985351562
276.440002441406,0,0,0,0,100,0,12.0515670776367,865.318725585938
86,7,0,0,0,93,0,11.6991767883301,1761.40856933594
339.160003662109,45,0,0,0,55,0,3.71074104309082,1068.10534667969
131.080001831055,2,0,0,1,97,0,11.5131406784058,1685.58142089844
158.740005493164,81,0,0,0,19,0,12.6654949188232,2824.34985351562
503.420013427734,75,0,0,25,0,0,NA,NA
158.740005493164,81,0,0,0,19,0,12.6531801223755,2830.84106445312
253.880004882812,0,0,80,0,7,13,4.95937204360962,1743.75708007812
139.110000610352,60,0,13,0,27,0,21.5285758972168,1287.53991699219
202.410003662109,74,0,0,0,26,0,10.996639251709,1251.27319335938
231.669998168945,85,0,0,0,15,0,10.9625072479248,1226.65881347656
72.3099975585938,0,0,0,0,100,0,6.53447341918945,2417.32275390625
NA,NA,NA,NA,NA,NA,NA,27.657844543457,407.406341552734
135.889999389648,0,0,0,0,100,0,27.5529270172119,1117.11633300781
129.020004272461,4,0,0,0,96,0,26.8769760131836,1778.90625
89.2600021362305,0,0,0,0,100,0,3.33432817459106,895.630798339844
314.630004882812,86,0,0,0,14,0,2.94019436836243,743.708068847656
214.419998168945,74,0,0,0,26,0,3.36370873451233,1120.28881835938
214.419998168945,74,0,0,0,26,0,14.2493591308594,920.4833984375
278.339996337891,45,0,0,0,55,0,7.89602470397949,1004.15228271484
219.139999389648,0,0,0,0,100,0,23.6653785705566,1593.5263671875
190.779998779297,0,0,0,0,100,0,15.2842388153076,770.780517578125
217,47,0,0,0,53,0,28.1957187652588,273.2509765625
214.419998168945,74,0,0,0,26,0,3.37417006492615,1119.15478515625
191.960006713867,67,0,0,0,33,0,5.75897884368896,570.734985351562
149.630004882812,7,0,0,0,93,0,17.6486473083496,1505.11279296875
140.710006713867,0,0,0,0,100,0,24.3463268280029,1285.92626953125
199.610000610352,78,0,0,0,22,0,26.3251056671143,409.187744140625
174.940002441406,77,0,0,0,23,0,23.4013633728027,810.612426757812
94,19,0,0,0,74,6,26.2964897155762,1029.06323242188
1936.91003417969,38,0,0,59,3,0,12.8486948013306,387.954284667969
202.410003662109,74,0,0,0,26,0,10.996639251709,1251.27319335938
231.669998168945,85,0,0,0,15,0,10.9638652801514,1228.54626464844
317.079986572266,4,0,0,0,96,0,4.91194629669189,561.838439941406
116.75,0,0,0,0,91,9,3.2634129524231,2000.20629882812
303.25,2,0,0,0,98,0,4.88158988952637,575.326416015625
303.25,2,0,0,0,98,0,4.88646602630615,576.1552734375
208.389999389648,50,0,48,0,2,0,5.32778120040894,893.341979980469
269.950012207031,2,0,0,0,40,58,22.4641380310059,354.47119140625
269.950012207031,2,0,0,0,40,58,10.7438440322876,976.414428710938
289.079986572266,3,0,0,20,67,10,1.60158061981201,816.743591308594
425.670013427734,0,0,0,92,8,0,24.2927932739258,1819.85961914062
547.210021972656,0,0,0,22,78,0,5.31658458709717,739.512084960938
131.009994506836,0,0,1,0,97,2,27.0964088439941,32.1703567504883
231.669998168945,85,0,0,0,15,0,4.74056005477905,1610.79772949219
129.25,0,0,1,0,98,1,13.9249334335327,145.586288452148
1291.81005859375,0,0,0,61,0,0,-2.16622948646545,1286.91625976562
1427.34997558594,44,0,0,56,0,0,1.97298681735992,1577.23352050781
7.44999980926514,0,5,0,0,95,0,NA,NA
30.2999992370605,0,0,23,28,49,0,6.53212404251099,919.615905761719
91.7600021362305,0,0,0,0,100,0,22.8127269744873,983.351806640625
91.2099990844727,4,0,0,0,96,0,3.50932168960571,1838.70910644531
96.2699966430664,0,0,0,0,100,0,14.2359485626221,774.0576171875
101.669998168945,3,0,0,0,97,0,15.3054914474487,1179.9130859375
259.700012207031,2,0,0,0,98,0,4.03105497360229,887.443298339844
101.669998168945,3,0,0,0,97,0,15.3066310882568,1186.95617675781
92.8300018310547,11,0,0,0,89,0,4.25615358352661,770.423706054688
280.540008544922,0,0,0,0,100,0,24.7746562957764,1610.98950195312
90.0999984741211,0,0,0,0,100,0,14.2900686264038,750.944152832031
1563.75,0,0,0,100,0,0,17.2584571838379,141.25927734375
338.320007324219,0,0,19,72,9,0,14.7555351257324,1365.87536621094
338.320007324219,0,0,19,72,9,0,8.35801792144775,241.967269897461
369.450012207031,0,0,0,100,0,0,11.5826244354248,686.30810546875
267.880004882812,0,0,50,50,0,0,24.4946193695068,521.638488769531
508.660003662109,0,0,0,100,0,0,21.0008430480957,543.220825195312
180.440002441406,0,0,63,35,2,0,7.53881645202637,1282.50939941406
179.139999389648,0,0,12,88,0,0,13.030104637146,365.637268066406
329.410003662109,0,0,8,92,0,0,9.01683616638184,96.3638305664062
313.130004882812,0,0,0,97,3,0,15.6620216369629,511.9951171875
329.410003662109,0,0,8,92,0,0,27.3729476928711,1000.41619873047
329.410003662109,0,0,8,92,0,0,21.5056114196777,868.565124511719
865.359985351562,0,0,0,100,0,0,26.5019702911377,559.329406738281
779.010009765625,0,0,0,100,0,0,6.15080451965332,193.587051391602
578.5,0,0,0,100,0,0,6.14283895492554,219.49577331543
586.669982910156,0,0,0,100,0,0,6.25098991394043,219.965347290039
634.510009765625,0,0,0,100,0,0,22.8507652282715,1280.96350097656
536.619995117188,0,0,0,100,0,0,19.802864074707,1678.97692871094
523.880004882812,0,0,0,100,0,0,27.6538028717041,414.734405517578
1403.92004394531,0,25,0,75,0,0,8.1126708984375,188.008544921875
1403.92004394531,0,25,0,75,0,0,6.3776273727417,160.064682006836
1552.86999511719,0,44,0,56,0,0,24.7178401947021,286.213226318359
1478.38000488281,0,21,0,79,0,0,6.1503438949585,177.957046508789
1490.5,0,13,0,87,0,0,15.6781406402588,333.113189697266
1368.7099609375,0,27,0,73,0,0,1.67948377132416,192.034042358398
1539.56994628906,0,57,0,43,0,0,1.60885179042816,442.703948974609
1662.34997558594,0,0,0,100,0,0,1.33202016353607,46.2756004333496
1258.46997070312,0,0,0,92,8,0,3.33225584030151,-1.40443599224091
329.730010986328,0,0,31,69,0,0,8.57964992523193,259.395050048828
7.96999979019165,0,12,57,19,12,0,19.9526844024658,441.666870117188
980.320007324219,0,82,0,18,0,0,NA,NA
7.17999982833862,0,17,0,9,65,0,NA,NA
5.73999977111816,0,0,0,36,53,0,28.6594982147217,1425.26245117188
8.89999961853027,0,0,0,10,90,0,12.169490814209,1121.24365234375
20.6100006103516,0,0,0,42,58,0,16.3164043426514,307.251861572266
59.4199981689453,11,0,0,0,89,0,25.6786460876465,1027.37731933594
21.1599998474121,0,40,0,41,19,0,18.2589912414551,533.057861328125
9.52999973297119,0,1,7,37,41,8,17.8008918762207,484.984954833984
32.4799995422363,0,37,1,49,13,0,30.6050586700439,363.010925292969
28.4400005340576,0,1,1,70,14,14,31.0342273712158,270.109344482422
377.369995117188,0,0,11,89,0,0,24.5728969573975,609.708557128906
459.839996337891,0,0,0,60,40,0,32.4098815917969,138.969573974609
88.9000015258789,13,2,0,0,83,0,24.6560859680176,823.633544921875
76.1500015258789,94,0,0,2,2,2,-2.08983325958252,906.375
72.6600036621094,93,0,0,0,1,6,3.55568933486938,558.102600097656
85.1999969482422,97,0,0,0,3,0,21.8521213531494,756.635925292969
78.6699981689453,100,0,0,0,0,0,9.76112270355225,944.232360839844
322.179992675781,100,0,0,0,0,0,NA,NA
90.620002746582,59,0,0,0,28,13,22.6535530090332,803.216491699219
297.850006103516,0,0,0,0,100,0,10.1280012130737,537.132507324219
281.190002441406,27,0,5,1,67,0,24.5138683319092,1397.97375488281
299.660003662109,0,0,0,0,100,0,22.5981597900391,503.580474853516
262.470001220703,91,0,0,0,9,0,1.16404020786285,708.453674316406
68.4400024414062,75,0,0,0,0,25,0.414503037929535,1414.35046386719
229.139999389648,100,0,0,0,0,0,20.6704597473145,918.160278320312
174.119995117188,95,0,0,0,5,0,7.59538078308105,258.711486816406
174.119995117188,95,0,0,0,5,0,9.94303798675537,954.615112304688
242.899993896484,100,0,0,0,0,0,7.05724334716797,779.518920898438
14.210000038147,48,0,0,11,1,1,7.96508073806763,504.693145751953
99.9100036621094,100,0,0,0,0,0,-3.06868100166321,1498.75451660156
457.470001220703,36,0,0,0,64,0,19.8619346618652,1261.31921386719
322.429992675781,18,0,0,0,77,5,7.40818881988525,883.884155273438
295.540008544922,0,0,0,0,100,0,22.7083358764648,836.399963378906
185.619995117188,13,0,0,0,38,49,18.2105903625488,956.682861328125
114.849998474121,100,0,0,0,0,0,22.0283737182617,984.086120605469
85.120002746582,73,0,0,0,14,13,18.2212581634521,533.9052734375
18.9899997711182,66,0,0,0,8,21,-1.84813737869263,1209.94812011719
12.9499998092651,33,0,0,0,30,33,-0.576702177524567,831.041076660156
218.380004882812,91,0,0,0,5,4,1.73709571361542,876.622131347656
160.960006713867,96,0,0,0,4,0,21.94748878479,1366.81335449219
39.9599990844727,5,0,0,0,1,94,-1.51613581180573,1968.87927246094
378.869995117188,99,0,0,1,0,0,NA,NA
55.8300018310547,69,0,0,0,3,28,20.0164356231689,1054.48059082031
26.7399997711182,84,0,0,0,13,3,1.96583127975464,2834.6533203125
260.859985351562,100,0,0,0,0,0,6.77516031265259,276.564636230469
127.370002746582,75,0,25,0,0,0,28.390739440918,498.715118408203
382.290008544922,98,0,0,0,2,0,7.88993835449219,1259.19372558594
246.449996948242,99,0,0,0,1,0,20.1913986206055,1099.11303710938
283.730010986328,97,0,0,0,3,0,3.07646679878235,1651.10900878906
629.049987792969,0,0,0,100,0,0,19.7435989379883,753.624328613281
331.140014648438,100,0,0,0,0,0,-2.93547296524048,1516.10827636719
572.429992675781,100,0,0,0,0,0,15.8579244613647,1580.46069335938
156.470001220703,75,0,0,0,6,19,19.7184295654297,1157.29907226562
94.3899993896484,91,0,0,0,2,7,1.85220324993134,1688.61804199219
279.299987792969,100,0,0,0,0,0,14.05784034729,392.978363037109
127.269996643066,27,0,0,0,38,35,18.58713722229,376.452087402344
3514.1298828125,28,0,0,72,0,0,1.36210739612579,115.605697631836
20.4599990844727,0,0,0,0,0,100,18.9745273590088,1186.41943359375
1.12999999523163,13,0,0,30,0,45,19.0267581939697,1192.95678710938
18.6299991607666,0,0,0,0,0,100,13.1325025558472,131.006958007812
14.210000038147,2,0,0,1,0,85,NA,NA
148.220001220703,1,0,0,0,0,99,0.0672135055065155,823.245178222656
71.5,14,0,0,0,78,8,22.0887870788574,1008.88720703125
49.4700012207031,14,0,0,3,0,83,18.113805770874,1005.95361328125
152.779998779297,8,0,0,11,78,0,NA,NA
20.4599990844727,0,0,0,0,0,100,13.1010065078735,137.947692871094
20.4599990844727,0,0,0,0,0,100,13.1055011749268,137.149368286133
20.4599990844727,0,0,0,0,0,100,-0.679837286472321,1252.17980957031
3.21000003814697,11,0,0,6,0,56,1.67941081523895,710.816101074219
409.600006103516,55,0,0,0,45,0,10.2644863128662,2057.95751953125
21.8299999237061,0,0,0,0,0,100,1.66582310199738,864.300598144531
231.869995117188,9,0,0,0,91,0,23.6196975708008,370.121429443359
6.21000003814697,0,0,0,19,0,47,1.65759253501892,512.280090332031
25.2399997711182,0,0,0,0,0,100,11.6291637420654,648.415344238281
78.4100036621094,11,0,42,0,47,0,10.2280445098877,1642.5859375
80.2799987792969,19,0,0,0,2,79,11.217830657959,1125.10766601562
45.2400016784668,1,0,0,0,33,66,19.8688640594482,966.654296875
14.210000038147,18,0,0,11,71,0,21.1670970916748,1765.85485839844
254.770004272461,87,0,0,0,3,10,21.7690277099609,3567.083984375
33.9599990844727,67,0,0,1,10,22,-0.93680065870285,909.7978515625
25.3999996185303,83,0,0,0,15,2,0.985993027687073,646.015991210938
29.9200000762939,3,0,92,0,5,0,12.9232883453369,755.821166992188
33.9599990844727,67,0,0,1,10,22,15.5575332641602,870.14404296875
844.570007324219,89,0,0,0,11,0,19.6106014251709,988.027770996094
198.199996948242,78,0,0,0,8,14,21.4149475097656,1498.43273925781
90.3000030517578,58,0,1,3,28,9,16.9277896881104,1406.89184570312
81.4300003051758,1,0,0,0,0,99,22.132905960083,1254.51672363281
12.9200000762939,0,0,0,2,0,98,13.0985870361328,146.484802246094
12.9200000762939,0,0,0,2,0,98,-0.518802344799042,1228.83178710938
447.519989013672,72,0,0,0,28,0,-1.67434787750244,2220.10424804688
49.4700012207031,14,0,0,3,0,83,9.34017562866211,301.582000732422
54.8199996948242,8,0,0,20,0,71,5.30151700973511,610.27685546875
74.9199981689453,47,0,0,25,0,26,23.4092483520508,1485.46911621094
87.9499969482422,22,0,0,0,23,55,23.7609462738037,1420.81750488281
484,72,0,0,0,28,0,-7.18414926528931,1726.37036132812
466.350006103516,96,0,0,4,0,0,19.3398284912109,1625.81213378906
161.070007324219,17,0,28,0,55,0,28.751277923584,205.89811706543
28.5100002288818,4,0,0,9,0,82,1.4028742313385,828.435119628906
176.119995117188,21,0,0,0,79,0,18.0428504943848,971.0263671875
125.959999084473,61,0,0,0,36,3,17.5407390594482,2391.7333984375
2.86999988555908,10,0,0,0,0,61,7.09994077682495,1043.52514648438
62.7200012207031,6,0,0,0,5,89,-0.373982667922974,908.007629394531
205.690002441406,99,0,0,0,0,1,20.834529876709,1413.47570800781
170.979995727539,88,0,0,2,6,4,22.4107856750488,1387.13049316406
86.5999984741211,95,0,0,0,0,5,23.3309497833252,873.921752929688
31.6299991607666,25,0,0,7,3,39,13.5162925720215,246.136749267578
58.1599998474121,33,0,0,0,4,63,17.5574150085449,736.408508300781
147.429992675781,0,0,12,64,24,0,7.75719833374023,116.953125
21.8299999237061,0,0,0,0,0,100,-0.452658206224442,1234.26000976562
62.7200012207031,6,0,0,0,5,89,1.11245632171631,695.091735839844
47.0400009155273,5,0,0,0,11,82,12.6020708084106,1432.89807128906
778.400024414062,89,0,0,0,11,0,22.2589340209961,836.799133300781
12.9200000762939,0,0,0,2,0,98,23.2134552001953,1384.20886230469
572.630004882812,95,0,0,0,5,0,16.3810997009277,1465.84020996094
15.1199998855591,53,0,0,24,0,3,-1.65667474269867,1628.54028320312
6.98000001907349,6,0,0,1,0,62,13.0361776351929,137.399536132812
264.040008544922,92,0,0,0,0,8,-2.61238169670105,834.805236816406
322.779998779297,100,0,0,0,0,0,21.7703132629395,975.040222167969
30.2600002288818,74,0,0,2,19,5,6.14478921890259,498.877532958984
14.210000038147,2,0,0,1,0,85,13.010139465332,149.829986572266
6.21000003814697,0,0,0,19,0,47,12.9519157409668,153.908264160156
14.210000038147,2,0,0,1,0,85,12.9909658432007,150.933044433594
14.210000038147,2,0,0,1,0,85,13.0361614227295,147.876602172852
27.0599994659424,62,0,0,0,27,11,-0.484062135219574,868.351806640625
18.4599990844727,6,0,0,0,92,2,2.5858039855957,836.389709472656
27.0599994659424,62,0,0,0,27,11,2.63408136367798,832.295593261719
8.38000011444092,14,0,0,1,77,0,20.0054988861084,1305.16772460938
22.0599994659424,0,0,0,0,99,1,4.08699750900269,150.143844604492
172.220001220703,38,0,0,0,62,0,15.6633863449097,1211.92651367188
70.6100006103516,3,0,0,0,97,0,24.487642288208,865.832397460938
180.339996337891,76,0,0,0,20,4,18.4182147979736,2342.80737304688
215.850006103516,0,0,0,0,100,0,25.6654300689697,461.988464355469
33.2200012207031,0,0,0,0,100,0,2.52258682250977,1561.47705078125
227.869995117188,49,0,0,0,50,1,0.175932765007019,733.344299316406
568.799987792969,100,0,0,0,0,0,13.9380025863647,441.888641357422
259.989990234375,79,0,0,0,21,0,0.175111949443817,738.46337890625
117.48999786377,24,0,0,0,75,1,24.3278503417969,645.767333984375
331.779998779297,84,0,0,0,16,0,21.9778995513916,983.296142578125
65.9100036621094,0,0,0,0,0,100,24.047721862793,941.00634765625
17,10,0,0,0,50,40,24.5604515075684,1068.67102050781
376.350006103516,0,0,0,0,100,0,NA,NA
168.279998779297,18,0,0,0,71,0,NA,NA
218.889999389648,0,0,0,0,100,0,NA,NA
226.050003051758,0,0,0,0,100,0,NA,NA
374.420013427734,0,0,0,0,100,0,NA,NA
387.410003662109,0,0,0,0,100,0,NA,NA
445.359985351562,0,0,0,89,11,0,4.18264579772949,598.677734375
153.570007324219,17,0,0,0,1,82,-2.30407190322876,1314.47912597656
376.290008544922,0,0,0,0,100,0,21.7224712371826,294.549255371094
54.3400001525879,4,0,0,0,1,95,0.875017285346985,876.138916015625
571.200012207031,100,0,0,0,0,0,8.34932518005371,1263.03393554688
313.049987792969,12,0,0,0,52,36,17.7198791503906,526.466735839844
516.989990234375,14,0,0,0,86,0,8.18718910217285,851.854248046875
16.2000007629395,14,0,0,1,8,66,11.7574939727783,1133.18835449219
137.229995727539,9,0,0,0,87,4,20.1700687408447,755.116577148438
19.5499992370605,24,0,0,2,28,46,22.2741985321045,1127.34191894531
6.21000003814697,0,0,0,19,0,47,12.9519157409668,153.908264160156
27.1700000762939,0,0,0,0,0,100,12.5953063964844,182.888473510742
481.859985351562,81,0,0,0,19,0,-6.21803617477417,1170.22412109375
394.130004882812,100,0,0,0,0,0,-6.4655122756958,1252.30932617188
509.640014648438,100,0,0,0,0,0,15.1784772872925,812.127868652344
394.130004882812,100,0,0,0,0,0,-3.05071067810059,2592.46435546875
357.149993896484,100,0,0,0,0,0,NA,NA
300.970001220703,96,0,0,0,4,0,20.2620239257812,381.376190185547
1320.93994140625,0,0,0,66,0,0,10.9702997207642,95.8594131469727
3.51999998092651,7,0,0,7,0,81,12.7581300735474,166.763946533203
73.620002746582,24,0,0,0,0,76,-1.98053574562073,1322.02404785156
439.940002441406,71,0,0,0,29,0,6.63090419769287,391.827301025391
626.900024414062,98,0,0,0,2,0,16.3602447509766,1968.0478515625
215,0,0,0,100,0,0,NA,NA
25.2399997711182,0,0,0,0,0,100,-1.67017757892609,1318.787109375
117.23999786377,16,0,0,0,0,84,-1.80519413948059,861.465576171875
117.23999786377,16,0,0,0,0,84,0.0932546406984329,882.094177246094
386.859985351562,96,0,0,4,0,0,NA,NA
281,98,0,0,0,0,2,-0.877770602703094,943.740051269531
556.530029296875,72,0,0,0,28,0,7.75428009033203,765.841186523438
619.859985351562,100,0,0,0,0,0,16.9502925872803,2123.04028320312
469.220001220703,28,0,0,0,72,0,19.6362895965576,794.164611816406
22.8199996948242,9,0,0,0,0,91,20.1283016204834,1499.41735839844
103.720001220703,8,0,91,0,1,0,9.54769039154053,1384.37817382812
317.260009765625,97,0,0,0,3,0,21.5884399414062,234.577819824219
172.220001220703,38,0,0,0,62,0,21.2694396972656,286.079772949219
373.190002441406,100,0,0,0,0,0,17.5354404449463,1059.39221191406
287.350006103516,80,0,0,0,20,0,0.00939772836863995,1976.04846191406
260.690002441406,100,0,0,0,0,0,21.7793006896973,700.563049316406
369.200012207031,0,0,0,0,100,0,2.9980354309082,983.023315429688
383.220001220703,0,0,0,0,100,0,-1.99300038814545,651.591491699219
22.9500007629395,18,0,0,0,82,0,9.2323112487793,655.917175292969
6.21000003814697,0,0,0,19,0,47,12.9519157409668,153.908264160156
71.379997253418,0,0,0,0,0,100,6.11246728897095,940.548706054688
125.169998168945,8,0,0,0,1,91,-1.79766201972961,1300.81140136719
3.51999998092651,7,0,0,7,0,81,-0.69508683681488,899.496826171875
295.010009765625,98,0,0,0,2,0,6.68261861801147,283.028045654297
205.5,100,0,0,0,0,0,17.4927711486816,1597.72241210938
492.529998779297,99,0,0,0,1,0,20.7686233520508,536.757873535156
20.0499992370605,5,0,3,13,0,57,12.2921752929688,1723.94689941406
71.379997253418,0,0,0,0,0,100,23.5114440917969,1089.78845214844
266.809997558594,0,0,0,0,100,0,-1.82239723205566,807.778991699219
71.379997253418,0,0,0,0,0,100,-1.18633961677551,886.035034179688
71.379997253418,0,0,0,0,0,100,0.670931696891785,863.921081542969
73.620002746582,24,0,0,0,0,76,24.6805667877197,404.569793701172
139.020004272461,6,0,0,0,76,18,19.6854057312012,1110.28833007812
278.029998779297,49,0,0,0,51,0,4.9018874168396,935.817077636719
8.82999992370605,0,0,0,0,81,19,25.3885402679443,386.931274414062
319.149993896484,0,0,0,0,93,7,-5.37308168411255,117.654197692871
155.119995117188,11,0,0,0,85,4,19.6463413238525,553.751770019531
384.609985351562,57,0,0,0,43,0,14.6009378433228,598.020446777344
260.959991455078,32,0,0,0,68,0,23.5070266723633,1090.33032226562
452.970001220703,100,0,0,0,0,0,18.1243419647217,855.368896484375
498.970001220703,100,0,0,0,0,0,18.0864753723145,1316.13037109375
12.1099996566772,5,0,0,1,0,78,12.4700164794922,1769.79016113281
130.910003662109,8,0,0,4,88,0,23.629753112793,1135.35876464844
126.25,55,0,0,0,0,45,23.4044170379639,1651.1376953125
88.5299987792969,0,0,0,0,0,100,6.00044202804565,933.987426757812
269.470001220703,97,0,0,0,3,0,-3.35514283180237,1336.02612304688
140.630004882812,34,3,0,0,63,0,20.2261905670166,735.587158203125
414.980010986328,0,0,0,0,100,0,24.0473365783691,438.237426757812
14.1000003814697,6,1,0,4,0,87,6.53364849090576,980.279846191406
73.620002746582,24,0,0,0,0,76,20.0197715759277,446.948089599609
20.4599990844727,0,0,0,0,0,100,-0.213107094168663,905.683044433594
18.6299991607666,0,0,0,0,0,100,-0.169567495584488,906.796997070312
88.5299987792969,0,0,0,0,0,100,11.4282112121582,1741.34655761719
97.7200012207031,9,0,0,0,0,91,20.4320392608643,792.762084960938
88.5299987792969,0,0,0,0,0,100,18.1826400756836,1807.88488769531
20.4599990844727,0,0,0,0,0,100,3.80363893508911,1821.43798828125
20.4599990844727,0,0,0,0,0,100,11.1144590377808,407.049255371094
348.589996337891,19,0,0,0,81,0,2.54934644699097,1180.53002929688
6.21000003814697,0,0,0,19,0,47,23.8945121765137,1058.2421875
NA,NA,NA,NA,NA,NA,NA,NA,NA
99.0500030517578,1,0,38,0,61,0,16.8106021881104,216.555709838867
66.2200012207031,3,0,27,0,70,0,9.981125831604,1091.19299316406
81.4700012207031,1,0,73,0,22,4,23.3726654052734,639.042663574219
94.6500015258789,2,0,14,0,84,0,10.5219116210938,1159.11181640625
75.120002746582,5,0,46,0,49,0,26.5001258850098,2022.716796875
1786.03002929688,88,0,0,12,0,0,9.88362312316895,9.68334579467773
1786.03002929688,88,0,0,12,0,0,6.68962430953979,856.764709472656
1544.36999511719,0,7,0,93,0,0,19.20849609375,141.249237060547
1424.2099609375,0,0,0,100,0,0,19.1165332794189,140.335556030273
1827.53002929688,83,0,0,17,0,0,19.5116367340088,0.744867324829102
450.519989013672,56,0,0,0,44,0,4.2363452911377,1678.03796386719
13.1700000762939,37,0,3,7,24,0,23.3682250976562,921.423156738281
20.4599990844727,0,0,0,0,0,100,1.23600423336029,770.102722167969
5.34000015258789,0,0,0,0,0,100,9.99174118041992,230.275756835938
3.51999998092651,7,0,0,7,0,81,20.4037475585938,1269.82727050781
428.470001220703,97,0,0,0,3,0,-3.4685640335083,1642.71240234375
391.089996337891,0,0,0,0,99,1,6.40038537979126,897.868591308594
353.429992675781,20,0,0,20,60,0,24.872745513916,526.185424804688
306.299987792969,1,0,0,0,99,0,13.8176717758179,1055.40368652344
875.97998046875,100,0,0,0,0,0,23.9297733306885,992.63720703125
171.679992675781,5,0,89,0,0,6,27.5445976257324,1325.87866210938
232.580001831055,6,0,1,37,55,0,-3.8213369846344,379.3154296875
505.279998779297,0,0,0,17,83,0,25.2866916656494,664.764831542969
373.059997558594,18,0,0,0,82,0,18.7648601531982,280.3984375
489.869995117188,62,0,2,0,35,1,19.2665729522705,1075.51391601562
964.02001953125,100,0,0,0,0,0,1.63901519775391,983.737182617188
1141.32995605469,96,0,0,0,4,0,3.23991560935974,706.513671875
661.260009765625,61,0,0,0,39,0,22.4791011810303,1178.06481933594
835.059997558594,68,0,0,0,32,0,22.5299167633057,996.46435546875
359,97,0,0,0,3,0,19.2820568084717,1676.77893066406
833.700012207031,0,0,0,100,0,0,19.6816902160645,158.518692016602
904.150024414062,0,0,0,81,19,0,NA,NA
1446.84997558594,0,0,0,100,0,0,-7.85136079788208,369.947448730469
1.12999999523163,13,0,0,30,0,45,13.2037334442139,129.984466552734
220.300003051758,0,0,0,0,100,0,0.344826012849808,332.354431152344
195.570007324219,0,0,0,0,100,0,-1.21978509426117,226.247589111328
212.410003662109,0,0,0,0,100,0,9.3014612197876,1140.20275878906
224.509994506836,0,0,0,0,100,0,9.03962516784668,1277.45532226562
232.809997558594,0,0,0,0,100,0,-1.23794841766357,174.653381347656
234.479995727539,0,0,0,0,100,0,-1.25760269165039,217.389144897461
217.619995117188,0,0,0,0,100,0,9.37902641296387,1087.66552734375
212.410003662109,0,0,0,0,100,0,22.8919334411621,1033.13525390625
229.699996948242,0,0,0,0,100,0,-0.497518122196198,124.753890991211
177.440002441406,36,0,0,0,35,29,10.2731647491455,588.93017578125
243.470001220703,47,0,0,0,53,0,10.8088893890381,1268.51647949219
419.899993896484,84,0,0,0,8,8,23.0014305114746,768.499572753906
242.800003051758,0,0,0,0,100,0,21.4957790374756,370.249114990234
479.510009765625,100,0,0,0,0,0,21.2883892059326,1855.404296875
14.1000003814697,6,1,0,4,0,87,12.8125925064087,160.552658081055
14.1000003814697,6,1,0,4,0,87,12.8405351638794,159.211654663086
25.2399997711182,0,0,0,0,0,100,0.601589024066925,843.635314941406
20.4599990844727,0,0,0,0,0,100,10.1876001358032,247.014434814453
20.0499992370605,5,0,3,13,0,57,5.02072954177856,1241.31518554688
24.6299991607666,1,0,0,9,4,57,2.21112871170044,1028.15881347656
NA,NA,NA,NA,NA,NA,NA,22.9120693206787,469.800048828125
52.7099990844727,15,0,0,0,6,79,21.817850112915,492.899627685547
143.199996948242,22,0,0,0,62,16,19.7848701477051,849.905090332031
169.059997558594,34,0,0,0,66,0,21.5217361450195,1345.05346679688
25.2399997711182,0,0,0,0,0,100,3.20234203338623,1733.22888183594
208.309997558594,0,0,0,0,100,0,18.0204906463623,2307.02734375
21.2199993133545,68,0,0,1,4,0,21.2853488922119,654.329284667969
132,53,0,0,0,47,0,17.3226699829102,2497.38110351562
23.0799999237061,15,0,0,1,0,75,-1.99093115329742,867.604125976562
426.459991455078,98,0,0,0,0,2,19.450159072876,416.236602783203
70.3899993896484,74,0,0,0,3,23,-0.939276039600372,884.127075195312
133.529998779297,82,0,0,0,0,18,18.5070133209229,1211.80639648438
99.0599975585938,52,0,44,0,4,0,7.01715517044067,727.16064453125
49.9199981689453,21,0,0,1,1,66,3.71309423446655,724.190979003906
49.9199981689453,21,0,0,1,1,66,3.6843159198761,728.257995605469
35.7200012207031,44,0,0,4,0,30,1.72904860973358,536.172424316406
2.86999988555908,10,0,0,0,0,61,19.0733890533447,1205.99597167969
56.5200004577637,0,0,0,0,1,99,4.85994720458984,1290.76281738281
16.6900005340576,4,0,0,2,2,55,NA,NA
219.360000610352,88,0,0,0,11,1,17.4051246643066,2432.57470703125
24.6299991607666,1,0,0,9,4,57,12.9158916473389,123.527183532715
47.0400009155273,5,0,0,0,11,82,12.9492988586426,122.891342163086
24.6299991607666,1,0,0,9,4,57,12.9134960174561,126.584922790527
47.0400009155273,5,0,0,0,11,82,1.19808125495911,718.608032226562
179.949996948242,92,0,0,0,2,6,-0.622525274753571,721.673278808594
179.949996948242,92,0,0,0,2,6,3.73455739021301,269.338714599609
178.389999389648,92,0,0,0,0,8,23.7241821289062,869.789001464844
466.640014648438,1,0,0,0,99,0,19.5233097076416,1224.04931640625
369.600006103516,100,0,0,0,0,0,24.071496963501,1004.57916259766
21.8199996948242,0,0,0,0,0,100,24.6318531036377,1612.1494140625
24.6299991607666,1,0,0,9,4,57,NA,NA
261.339996337891,7,0,1,0,86,6,12.2814044952393,980.177062988281
NA,NA,NA,NA,NA,NA,NA,-0.846351206302643,887.433654785156
34,1,0,0,2,0,97,0.554743885993958,793.677124023438
264.040008544922,92,0,0,0,0,8,8.35824680328369,342.623321533203
168.699996948242,1,0,0,0,99,0,23.5955142974854,1233.57580566406
264.040008544922,92,0,0,0,0,8,3.96303629875183,643.140869140625
205.289993286133,97,0,0,0,2,1,22.0816955566406,1547.47045898438
285.779998779297,99,0,0,0,0,1,4.30512046813965,928.72900390625
235.779998779297,100,0,0,0,0,0,10.2434854507446,1648.12634277344
306.140014648438,100,0,0,0,0,0,0.704982697963715,1724.83874511719
251.520004272461,100,0,0,0,0,0,18.5904788970947,2340.6279296875
182.630004882812,65,0,0,0,13,22,0.690693259239197,1720.74475097656
128.729995727539,20,0,0,0,78,2,21.6374912261963,1905.88598632812
306.140014648438,100,0,0,0,0,0,18.6539001464844,2337.67260742188
281.809997558594,90,0,0,0,5,5,10.0418844223022,1773.51098632812
281.809997558594,90,0,0,0,5,5,7.43170976638794,1248.24230957031
967.710021972656,94,0,0,0,6,0,0.248156607151031,900.644836425781
772.200012207031,64,0,0,0,36,0,17.2853355407715,209.893524169922
501.070007324219,76,0,0,3,21,0,-5.30068683624268,1304.48754882812
575.239990234375,87,0,0,0,13,0,20.9324722290039,706.2900390625
429.269989013672,38,0,0,1,61,0,22.2520809173584,1302.85791015625
264.040008544922,92,0,0,0,0,8,18.8312530517578,2301.58837890625
344.929992675781,99,0,0,0,1,0,9.61349201202393,1524.82177734375
212.270004272461,97,0,0,0,3,0,6.392737865448,1249.97155761719
403.489990234375,100,0,0,0,0,0,22.4432792663574,757.882751464844
212.270004272461,97,0,0,0,3,0,6.392737865448,1249.97155761719
176.119995117188,21,0,0,0,79,0,-3.99826121330261,1630.43310546875
200.199996948242,73,0,0,0,26,1,23.1851940155029,883.143310546875
275.070007324219,56,0,0,0,44,0,-0.00927470903843641,1373.34252929688
275.070007324219,56,0,0,0,44,0,10.1988525390625,1220.64978027344
368.450012207031,100,0,0,0,0,0,17.8326072692871,397.368041992188
183.380004882812,10,0,0,0,90,0,23.3149566650391,653.803344726562
344.929992675781,99,0,0,0,1,0,-0.0731506124138832,1381.87561035156
344.929992675781,99,0,0,0,1,0,12.3132123947144,391.12060546875
395.160003662109,100,0,0,0,0,0,17.6485004425049,397.510620117188
263.709991455078,98,0,0,0,2,0,23.0261154174805,686.839172363281
200.199996948242,73,0,0,0,26,1,23.4392757415771,628.553894042969
237.869995117188,90,0,0,0,10,0,NA,NA
113.650001525879,2,0,0,86,12,0,15.3725309371948,1005.11883544922
269.470001220703,97,0,0,0,3,0,17.9854335784912,2224.1572265625
177.550003051758,99,0,0,0,0,1,23.1406860351562,1637.28198242188
34,1,0,0,2,0,97,18.2472972869873,1569.48608398438
519.390014648438,49,0,0,0,51,0,17.4955406188965,1154.88269042969
24.6299991607666,1,0,0,9,4,57,12.8788499832153,126.699142456055
24.6299991607666,1,0,0,9,4,57,NA,NA
16.6900005340576,4,0,0,2,2,55,0.403882294893265,785.578308105469
20.0499992370605,5,0,3,13,0,57,13.5823745727539,168.277359008789
73.620002746582,24,0,0,0,0,76,18.1869716644287,1845.06579589844
457.230010986328,90,0,0,0,10,0,0.830555081367493,903.895446777344
310.269989013672,52,0,0,0,48,0,20.7452564239502,975.507995605469
615.780029296875,51,0,0,0,49,0,19.8575229644775,1179.27209472656
16.6900005340576,4,0,0,2,2,55,NA,NA
19.25,0,0,0,0,4,96,24.5728607177734,1672.61999511719
24.6299991607666,1,0,0,9,4,57,12.8953170776367,127.244842529297
40.5699996948242,0,0,0,0,1,99,-1.5511599779129,867.332214355469
88.5299987792969,0,0,0,0,0,100,-1.44158554077148,875.517456054688
339.589996337891,96,0,0,0,0,4,8.13154792785645,344.20068359375
455.589996337891,100,0,0,0,0,0,16.7198181152344,975.377685546875
369.600006103516,100,0,0,0,0,0,19.372859954834,433.585083007812
14.1400003433228,17,0,0,0,4,79,20.2596435546875,1297.47180175781
510.350006103516,100,0,0,0,0,0,17.3246402740479,968.510620117188
47.0400009155273,5,0,0,0,11,82,12.9647750854492,121.128532409668
49.9199981689453,21,0,0,1,1,66,-0.62531977891922,903.660949707031
120.830001831055,14,0,0,0,71,15,9.40580368041992,1465.2216796875
1161.61999511719,0,0,0,100,0,0,17.9317493438721,310.040130615234
109.400001525879,77,0,0,0,21,2,21.9587593078613,1366.96569824219
88.5299987792969,0,0,0,0,0,100,18.0853977203369,1063.85131835938
14.1400003433228,17,0,0,0,4,79,-0.887977302074432,889.876770019531
159.270004272461,26,0,1,0,73,0,23.0792961120605,1728.77380371094
743.039978027344,100,0,0,0,0,0,12.4943008422852,1398.517578125
6.21000003814697,0,0,0,19,0,47,1.15836620330811,806.873229980469
14.210000038147,2,0,0,1,0,85,1.23908019065857,796.680297851562
2480.4599609375,84,0,1,15,0,0,18.7542457580566,596.707214355469
2.24000000953674,1,0,1,47,0,50,1.39272832870483,776.627746582031
44.7999992370605,13,0,0,43,0,43,4.78733682632446,623.518005371094
48,17,0,0,0,0,83,4.65409708023071,627.027221679688
469,20,0,4,0,76,0,25.6999568939209,781.989868164062
133.399993896484,99,0,0,0,0,1,-6.08123970031738,791.588012695312
208.729995727539,96,0,0,0,1,3,21.9981288909912,1501.94885253906
85.1699981689453,86,0,0,0,0,14,24.1808910369873,1065.91674804688
1347.26000976562,0,0,0,100,0,0,0.138961315155029,1527.4697265625
2.86999988555908,10,0,0,0,0,61,1.57128024101257,730.916320800781
1679.02001953125,0,0,0,100,0,0,-1.90745615959167,105.354148864746
110.040000915527,2,0,0,0,98,0,NA,NA
6.21000003814697,0,0,0,19,0,47,1.11702406406403,812.002319335938
6.21000003814697,0,0,0,19,0,47,1.13167369365692,815.614379882812
73.620002746582,24,0,0,0,0,76,14.6627101898193,1234.94067382812
79.0699996948242,97,0,3,0,0,0,28.0776691436768,689.960327148438
1748.34997558594,0,0,0,100,0,0,1.20459449291229,392.310089111328
3.51999998092651,7,0,0,7,0,81,1.06759297847748,835.690063476562
181.320007324219,92,0,0,0,1,7,12.5473136901855,3520.80126953125
288.359985351562,0,0,0,0,100,0,-2.89039134979248,332.007995605469
182.630004882812,65,0,0,0,13,22,19.1460781097412,309.417510986328
47.0400009155273,5,0,0,0,11,82,1.91414046287537,525.0849609375
47.0400009155273,5,0,0,0,11,82,1.93452417850494,523.780517578125
21.8299999237061,0,0,0,0,0,100,1.93393361568451,522.485229492188
21.8299999237061,0,0,0,0,0,100,7.61724185943604,978.871948242188
21.8299999237061,0,0,0,0,0,100,18.9721813201904,1201.95458984375
47.0400009155273,5,0,0,0,11,82,18.6740455627441,1202.73168945312
47.0400009155273,5,0,0,0,11,82,13.0378065109253,119.338180541992
21.8199996948242,0,0,0,0,0,100,13.1040477752686,121.443176269531
21.5499992370605,0,0,0,0,0,100,1.4804162979126,702.302795410156
187.949996948242,63,0,0,0,37,0,8.63343238830566,256.981842041016
112.669998168945,9,0,0,0,73,18,5.37938785552979,1010.97650146484
188.139999389648,60,0,0,0,34,6,3.17091345787048,1094.37145996094
128.139999389648,37,0,0,0,63,0,20.3997440338135,2368.75048828125
409.440002441406,80,0,0,0,14,6,21.2375679016113,1351.65002441406
93.0299987792969,5,0,0,0,95,0,26.1360549926758,707.238891601562
16.0400009155273,34,0,0,8,58,0,23.5361995697021,477.123718261719
280.75,5,0,95,0,0,0,NA,NA
251.410003662109,0,0,0,0,100,0,17.6110801696777,1900.96057128906
NA,NA,NA,NA,NA,NA,NA,1.5803884267807,700.583251953125
49.4700012207031,14,0,0,3,0,83,20.4412422180176,1838.84118652344
36.9900016784668,8,0,0,4,0,81,1.19611382484436,732.41748046875
18.6299991607666,0,0,0,0,0,100,20.5270175933838,1420.27624511719
20.4599990844727,0,0,0,0,0,100,20.5309104919434,1384.22680664062
24.2299995422363,2,0,0,0,2,96,23.4197883605957,768.833374023438
23.0200004577637,9,0,0,5,0,61,-1.23845422267914,1356.29565429688
6.21000003814697,0,0,0,19,0,47,5.05865335464478,1232.25646972656
488.459991455078,89,0,0,0,9,2,20.3820743560791,1494.02563476562
21.5499992370605,0,0,0,0,0,100,18.4976081848145,1042.99133300781
14.210000038147,2,0,0,1,0,85,NA,NA
6.21000003814697,0,0,0,19,0,47,-5.03954172134399,804.697937011719
19.5900001525879,0,0,0,0,0,100,18.8259620666504,1164.24157714844
80.2799987792969,19,0,0,0,2,79,0.566907703876495,733.890625
132.059997558594,34,0,0,0,64,2,-3.86474514007568,600.638977050781
143.199996948242,22,0,0,0,62,16,23.1177463531494,961.133850097656
132.059997558594,34,0,0,0,64,2,4.51791286468506,1074.54528808594
751.289978027344,92,0,0,0,8,0,19.5808563232422,819.639587402344
179.300003051758,24,0,0,0,71,5,19.9753513336182,215.315399169922
269.470001220703,97,0,0,0,3,0,-4.33991050720215,580.69970703125
221.550003051758,93,0,0,0,2,5,21.6851692199707,554.027404785156
269.470001220703,97,0,0,0,3,0,21.8024005889893,1536.38720703125
269.470001220703,97,0,0,0,3,0,18.9192504882812,224.702133178711
117.919998168945,81,0,1,0,18,0,14.4136896133423,358.575592041016
1254.46997070312,0,100,0,0,0,0,27.8528461456299,158.485153198242
205.149993896484,5,0,0,0,93,2,-1.77786338329315,857.450988769531
132.850006103516,9,0,0,0,70,21,-0.704775094985962,1279.20666503906
130.240005493164,28,0,0,0,46,26,24.0907001495361,2117.705078125
410.220001220703,100,0,0,0,0,0,-6.48516178131104,879.334350585938
403.489990234375,100,0,0,0,0,0,0.909321784973145,969.367797851562
410.220001220703,100,0,0,0,0,0,0.751881420612335,974.856628417969
339.589996337891,96,0,0,0,0,4,20.797477722168,1013.0576171875
183.380004882812,10,0,0,0,90,0,16.3417530059814,429.944854736328
263.709991455078,98,0,0,0,2,0,17.8116054534912,236.491882324219
403.489990234375,100,0,0,0,0,0,20.48219871521,1328.30334472656
308.329986572266,100,0,0,0,0,0,-1.62212145328522,488.928070068359
397.950012207031,64,0,0,2,34,0,19.812915802002,915.914733886719
77.120002746582,91,0,0,0,2,7,19.5826740264893,1860.88940429688
77.120002746582,91,0,0,0,2,7,23.1978492736816,756.885498046875
234.210006713867,100,0,0,0,0,0,13.0822839736938,375.172180175781
454.410003662109,91,0,0,0,9,0,-0.122968763113022,1674.84240722656
496.660003662109,100,0,0,0,0,0,20.0746002197266,1182.00085449219
436.480010986328,83,0,0,0,17,0,18.4625053405762,1361.32141113281
416.089996337891,100,0,0,0,0,0,7.80686473846436,1215.19189453125
413.649993896484,71,0,0,0,29,0,22.0447864532471,985.256103515625
413.649993896484,71,0,0,0,29,0,21.9359092712402,1001.71734619141
445.880004882812,72,0,0,0,28,0,22.7107677459717,937.240112304688
516.419982910156,90,0,0,0,10,0,16.0142593383789,557.868835449219
516.419982910156,90,0,0,0,10,0,10.1816520690918,2356.88061523438
516.419982910156,90,0,0,0,10,0,7.69940710067749,1874.11938476562
516.419982910156,90,0,0,0,10,0,18.2235412597656,1683.74890136719
24.9300003051758,5,0,0,0,46,49,19.454439163208,736.655883789062
577.349975585938,93,0,0,0,7,0,18.227424621582,1718.2734375
688.640014648438,81,0,0,0,19,0,10.445068359375,766.959899902344
402.119995117188,91,0,1,0,7,1,22.1337432861328,1338.75891113281
534.109985351562,97,0,0,0,3,0,14.5900602340698,1707.82543945312
547.059997558594,95,0,0,0,5,0,21.962947845459,994.046569824219
557.559997558594,100,0,0,0,0,0,18.1684017181396,1694.46032714844
397.029998779297,100,0,0,0,0,0,22.054838180542,1226.58129882812
188.809997558594,91,0,0,0,4,5,15.8578948974609,1476.44982910156
289.049987792969,94,0,0,0,6,0,20.2249393463135,796.44775390625
99.6699981689453,65,0,0,0,27,8,18.3197574615479,1362.34533691406
518.159973144531,100,0,0,0,0,0,14.8485088348389,1645.69653320312
29.8199996948242,72,0,0,4,23,1,22.7884922027588,960.763122558594
705.280029296875,100,0,0,0,0,0,19.9877853393555,874.851379394531
557.559997558594,100,0,0,0,0,0,3.39241433143616,728.568420410156
615.119995117188,98,0,0,2,0,0,-4.95405912399292,1169.24267578125
457.149993896484,95,0,0,0,5,0,20.1043872833252,901.460327148438
377.809997558594,75,0,0,0,25,0,15.1918096542358,1436.11828613281
232.960006713867,96,0,0,0,4,0,NA,NA
373.700012207031,76,0,0,0,24,0,16.2834568023682,664.163391113281
516.419982910156,90,0,0,0,10,0,18.2157154083252,1653.94384765625
584.739990234375,100,0,0,0,0,0,19.0493392944336,800.9453125
516.419982910156,90,0,0,0,10,0,18.2117767333984,1665.97521972656
381.570007324219,26,0,0,0,74,0,20.0633010864258,984.320068359375
613.960021972656,65,0,0,0,35,0,22.0490455627441,862.409118652344
327.350006103516,94,0,0,0,6,0,22.4251518249512,1029.45837402344
416.089996337891,100,0,0,0,0,0,15.4071083068848,1573.73413085938
533.489990234375,70,0,0,0,30,0,20.2817935943604,1080.94909667969
622.440002441406,100,0,0,0,0,0,21.3222103118896,987.969848632812
477.119995117188,30,0,0,0,70,0,19.5733242034912,1177.63928222656
289.309997558594,76,0,0,0,24,0,20.5329761505127,1127.89562988281
277.980010986328,92,0,0,0,0,8,15.4919872283936,579.457641601562
601.330017089844,100,0,0,0,0,0,20.4003410339355,1098.01733398438
460.75,100,0,0,0,0,0,-2.0145001411438,519.3759765625
454.410003662109,91,0,0,0,9,0,5.98925018310547,351.823883056641
382,98,0,0,0,2,0,22.5076637268066,1205.68530273438
363.149993896484,0,0,0,0,100,0,21.2019634246826,484.033264160156
37.8199996948242,0,0,0,79,12,1,27.2237739562988,2725.30297851562
56.8699989318848,0,0,0,100,0,0,22.6976947784424,2.14591288566589
27.6800003051758,0,0,0,0,100,0,27.7537879943848,2052.76708984375
56.8699989318848,0,0,0,100,0,0,22.6965484619141,2.09734916687012
137.860000610352,0,0,0,100,0,0,30.6720504760742,561.699096679688
68.6999969482422,0,0,0,98,2,0,30.080753326416,281.750305175781
56.8699989318848,0,0,0,100,0,0,17.9350299835205,232.557830810547
480.440002441406,20,0,69,3,8,0,NA,NA
174.300003051758,0,0,0,100,0,0,30.4358577728271,562.580871582031
214.869995117188,24,0,0,0,76,0,25.133186340332,252.558700561523
62.7200012207031,6,0,0,0,5,89,12.9819765090942,108.377517700195
62.7200012207031,6,0,0,0,5,89,12.9728078842163,109.258262634277
117.76000213623,80,0,0,0,0,20,5.04464721679688,869.803649902344
170.089996337891,100,0,0,0,0,0,1.23849582672119,1814.23559570312
316.730010986328,55,0,0,0,44,1,7.88522624969482,1468.0224609375
432.760009765625,100,0,0,0,0,0,9.5516471862793,1271.24450683594
219.360000610352,88,0,0,0,11,1,21.0029239654541,1409.61938476562
409.170013427734,100,0,0,0,0,0,-2.02223777770996,493.341156005859
410.720001220703,44,0,0,0,56,0,-0.489655256271362,1072.14379882812
405.859985351562,60,0,0,0,40,0,17.4747772216797,1083.529296875
399.880004882812,100,0,0,0,0,0,6.07196569442749,1579.38793945312
378.100006103516,100,0,0,0,0,0,20.333288192749,968.832214355469
447.760009765625,96,0,0,0,0,4,6.06303882598877,1684.35974121094
318.269989013672,100,0,0,0,0,0,9.31412124633789,698.16015625
382,98,0,0,0,2,0,20.0998306274414,1320.7080078125
167.440002441406,37,0,0,0,30,33,17.7590560913086,1337.13818359375
163.5,58,0,0,0,41,1,22.0695877075195,1388.29772949219
591.549987792969,95,0,0,0,2,3,17.4208431243896,350.414276123047
160.850006103516,85,0,0,0,6,9,-2.93325233459473,1382.87097167969
223.699996948242,0,0,0,0,100,0,NA,NA
153.889999389648,83,0,0,0,1,16,-2.20402693748474,1350.92700195312
134.960006713867,96,0,0,0,0,4,-0.703229904174805,876.806884765625
134.960006713867,96,0,0,0,0,4,-0.583206474781036,865.753356933594
387.309997558594,24,0,0,0,76,0,17.8947143554688,1064.15881347656
498.890014648438,18,0,0,0,82,0,21.6062831878662,1196.04370117188
134.960006713867,96,0,0,0,0,4,-0.697252631187439,875.687744140625
139.339996337891,91,0,0,0,0,9,1.98409616947174,1862.70373535156
122.389999389648,97,0,0,0,3,0,7.36373138427734,314.497741699219
142.089996337891,95,0,0,0,1,4,23.9004592895508,491.290069580078
194.960006713867,97,0,0,0,3,0,2.86655044555664,683.230041503906
27.7900009155273,8,0,0,0,7,85,18.503059387207,2171.11206054688
436.470001220703,97,0,0,3,0,0,NA,NA
96.4100036621094,5,0,0,0,3,92,11.4245100021362,1568.36071777344
48,17,0,0,0,0,83,23.1409759521484,753.050903320312
462.910003662109,72,0,0,0,11,17,20.7410659790039,1123.03930664062
138.070007324219,81,0,0,0,3,16,7.04908037185669,256.301513671875
75.4300003051758,45,0,0,0,16,39,2.01410794258118,717.819091796875
571.27001953125,71,0,0,0,29,0,20.9563426971436,1310.86291503906
295.579986572266,75,0,0,0,25,0,9.13149356842041,1249.50170898438
438.220001220703,100,0,0,0,0,0,21.1642360687256,1753.05456542969
59.7200012207031,4,0,0,0,4,92,6.19067049026489,575.803833007812
205.669998168945,94,0,0,0,0,6,3.70170497894287,652.954650878906
2.24000000953674,1,0,1,47,0,50,9.63444232940674,1083.03698730469
24.6299991607666,1,0,0,9,4,57,20.1154441833496,2173.31469726562
2.24000000953674,1,0,1,47,0,50,22.7736225128174,419.829345703125
13.1300001144409,0,0,0,0,3,93,1.47856616973877,669.68115234375
294.089996337891,95,0,0,0,5,0,20.3837833404541,965.85498046875
301.190002441406,0,0,0,2,97,0,1.3713287115097,491.126434326172
446.399993896484,4,0,0,0,96,0,-3.97639679908752,886.269897460938
326.519989013672,100,0,0,0,0,0,-4.42896604537964,2927.88989257812
205.779998779297,95,0,0,0,5,0,1.10396814346313,1333.7529296875
36.9900016784668,8,0,0,4,0,81,18.7321300506592,1200.66357421875
25.2399997711182,0,0,0,0,0,100,12.308856010437,179.049163818359
25.2399997711182,0,0,0,0,0,100,12.308856010437,179.049163818359
412.859985351562,100,0,0,0,0,0,3.21940898895264,620.191284179688
358.019989013672,100,0,0,0,0,0,8.31034374237061,397.070343017578
137.229995727539,9,0,0,0,87,4,20.5382823944092,417.15478515625
368.450012207031,100,0,0,0,0,0,7.09433031082153,376.206146240234
395.25,100,0,0,0,0,0,2.1328432559967,640.376708984375
567.200012207031,100,0,0,0,0,0,19.6006984710693,1196.82080078125
395.25,100,0,0,0,0,0,17.5596809387207,1141.47534179688
386.179992675781,100,0,0,0,0,0,22.4858112335205,881.188293457031
607.030029296875,100,0,0,0,0,0,21.4539680480957,1281.61840820312
438,100,0,0,0,0,0,17.5475292205811,2419.22119140625
146.070007324219,27,0,0,0,34,39,-3.40542125701904,940.960693359375
160.529998779297,0,0,0,0,100,0,18.7070980072021,2384.50732421875
178.75,73,0,0,0,21,6,19.0332622528076,1122.39892578125
81.4300003051758,1,0,0,0,0,99,17.7492237091064,425.706451416016
43.5400009155273,32,0,0,2,0,52,12.4004783630371,149.203277587891
87.9499969482422,22,0,0,0,23,55,12.2829637527466,162.225540161133
74.9199981689453,47,0,0,25,0,26,-2.59278154373169,1368.92431640625
74.9199981689453,47,0,0,25,0,26,-2.7952733039856,1377.27697753906
134.960006713867,96,0,0,0,0,4,-2.4669930934906,832.813720703125
190.220001220703,0,0,0,0,100,0,25.2696285247803,786.119873046875
139.339996337891,91,0,0,0,0,9,17.9298763275146,2044.3603515625
357.130004882812,100,0,0,0,0,0,NA,NA
0.479999989271164,27,0,0,23,2,0,21.1643314361572,1044.0166015625
153.889999389648,83,0,0,0,1,16,-0.332064718008041,844.279479980469
797.47998046875,100,0,0,0,0,0,16.0048027038574,1339.11499023438
437.760009765625,100,0,0,0,0,0,15.4556951522827,1096.48352050781
693.590026855469,100,0,0,0,0,0,7.27822875976562,1720.10144042969
595.179992675781,90,0,0,10,0,0,7.28284311294556,1745.38403320312
693.590026855469,100,0,0,0,0,0,-4.09215211868286,2106.13305664062
16.1900005340576,79,0,21,0,0,0,23.9430503845215,1436.04650878906
341.119995117188,100,0,0,0,0,0,15.2095136642456,1192.2900390625
377.700012207031,58,0,0,0,31,11,12.8919019699097,1268.91088867188
605.25,100,0,0,0,0,0,17.5333824157715,532.657897949219
102.48999786377,1,0,0,2,0,90,NA,NA
52.4099998474121,0,0,0,8,0,46,NA,NA
192.490005493164,0,0,0,0,0,100,NA,NA
208.119995117188,0,0,1,14,81,4,NA,NA
102.48999786377,1,0,0,2,0,90,NA,NA
204.710006713867,0,0,0,9,80,11,NA,NA
350.359985351562,17,0,0,0,83,0,NA,NA
187.929992675781,0,0,0,0,5,95,21.0717220306396,932.805847167969
184.410003662109,0,0,0,24,25,51,NA,NA
184.410003662109,0,0,0,24,25,51,NA,NA
184.410003662109,0,0,0,24,25,51,NA,NA
181.119995117188,0,0,2,16,49,33,NA,NA
238.330001831055,0,0,1,7,51,41,NA,NA
325.25,98,0,0,2,0,0,NA,NA
160.850006103516,85,0,0,0,6,9,-0.97979062795639,893.272521972656
562.599975585938,64,0,0,0,36,0,0.799191892147064,809.833862304688
451.220001220703,65,0,0,0,35,0,16.9230766296387,1416.80603027344
450.440002441406,23,0,0,0,77,0,20.1122570037842,1800.38549804688
535.869995117188,86,0,0,0,14,0,20.7476215362549,1327.83471679688
456.549987792969,91,0,0,0,9,0,7.74708700180054,1251.48278808594
115.309997558594,16,0,0,0,0,84,25.1450500488281,683.207824707031
538.22998046875,97,0,0,0,3,0,15.8026056289673,564.065979003906
160.850006103516,85,0,0,0,6,9,-0.943062365055084,890.520751953125
160.850006103516,85,0,0,0,6,9,9.9254846572876,394.094848632812
140.990005493164,97,0,0,0,0,3,8.06636714935303,330.679595947266
223.160003662109,84,0,0,7,7,2,19.0279693603516,725.431091308594
137.880004882812,97,0,0,0,3,0,21.6131935119629,514.214904785156
20.4599990844727,0,0,0,0,0,100,24.6848163604736,1282.16259765625
119.01000213623,64,0,0,0,36,0,2.147620677948,740.6357421875
119.01000213623,64,0,0,0,36,0,21.8139686584473,450.370086669922
78.3399963378906,42,0,0,6,33,0,2.31579804420471,668.378479003906
204.850006103516,0,0,0,0,100,0,0.211645141243935,848.4189453125
194.919998168945,1,0,0,0,99,0,21.7885456085205,718.926025390625
220.570007324219,0,0,0,0,100,0,-1.47812950611115,787.620361328125
209.179992675781,0,0,0,0,100,0,22.2334308624268,1249.31457519531
251.690002441406,34,0,0,0,66,0,10.8941345214844,1010.84344482422
240.199996948242,54,0,0,0,46,0,21.6009902954102,1280.89794921875
191.039993286133,2,0,0,0,98,0,10.1469125747681,1003.84912109375
565.239990234375,90,0,0,0,10,0,16.1429996490479,775.306335449219
471.369995117188,100,0,0,0,0,0,NA,NA
156.119995117188,0,0,0,0,100,0,18.7854557037354,959.067260742188
127.389999389648,14,0,0,0,86,0,19.5164089202881,1530.38012695312
148.649993896484,0,0,0,0,99,1,17.7805595397949,631.363891601562
72.1999969482422,5,0,0,0,79,16,6.10571670532227,621.249938964844
66.3899993896484,0,0,0,0,7,93,-1.80952537059784,1067.38989257812
280.290008544922,19,0,0,0,81,0,-3.16059064865112,607.875732421875
235.419998168945,30,0,0,0,61,9,3.38373184204102,994.587890625
336.320007324219,15,0,0,0,69,16,9.39167404174805,731.876525878906
207.960006713867,0,0,0,0,100,0,22.2998924255371,1009.6494140625
316.440002441406,8,0,0,14,75,3,2.32390546798706,773.732482910156
187.850006103516,0,0,0,0,100,0,23.5627307891846,1297.5400390625
291.869995117188,3,0,0,0,62,35,-0.499836713075638,997.100646972656
274.010009765625,5,0,0,0,28,67,21.7447242736816,778.453002929688
229.550003051758,91,0,0,0,9,0,-0.279855012893677,805.765319824219
217.660003662109,0,0,0,0,100,0,12.7121162414551,1224.60632324219
221.630004882812,0,0,0,0,100,0,24.2341976165771,1287.14099121094
176.619995117188,0,0,0,0,100,0,23.006217956543,1018.53961181641
216.369995117188,0,0,0,0,100,0,20.635082244873,544.760070800781
215.289993286133,0,0,0,0,100,0,24.8163738250732,841.860473632812
217.710006713867,5,0,0,0,95,0,15.1567687988281,965.279052734375
237.339996337891,0,0,0,0,100,0,12.8049049377441,406.595733642578
230.960006713867,47,0,0,0,53,0,4.30717420578003,923.398681640625
256.989990234375,83,0,0,0,17,0,22.1541976928711,694.163452148438
199.389999389648,0,0,0,0,100,0,26.4435653686523,609.877075195312
263.119995117188,95,0,0,0,5,0,22.1452579498291,685.99365234375
223.800003051758,14,0,0,0,86,0,24.31422996521,1051.61193847656
266.920013427734,33,0,0,0,67,0,23.6529083251953,1006.40954589844
283.239990234375,17,0,0,0,83,0,12.15940284729,844.841613769531
241.360000610352,0,0,0,0,100,0,4.61040592193604,1387.59167480469
241.360000610352,0,0,0,0,100,0,15.6386451721191,1145.32275390625
235.210006713867,0,0,0,0,100,0,24.3184452056885,1043.02404785156
241.360000610352,0,0,0,0,100,0,23.1902809143066,893.68505859375
239.899993896484,0,0,1,0,23,76,23.0475406646729,949.560791015625
740.559997558594,0,0,0,32,68,0,15.8103914260864,601.145935058594
246.679992675781,0,0,0,0,100,0,17.8043918609619,1034.68896484375
255.100006103516,0,0,0,0,100,0,22.9590034484863,1048.73645019531
76.2300033569336,12,0,0,0,65,23,18.5817737579346,2167.5419921875
112.76000213623,57,0,0,0,11,32,5.59507894515991,548.382873535156
102.300003051758,11,0,0,0,73,16,5.69928455352783,571.382629394531
101.629997253418,16,0,0,2,71,11,24.2458209991455,863.267700195312
102.300003051758,11,0,0,0,73,16,1.24762678146362,814.483032226562
128.440002441406,0,0,0,0,100,0,24.2430000305176,1351.68493652344
484.690002441406,100,0,0,0,0,0,NA,NA
97.2200012207031,3,0,0,0,27,70,-3.06933236122131,1076.67541503906
145.320007324219,42,0,0,0,15,43,-3.01168417930603,1072.9365234375
137.699996948242,13,0,0,0,86,1,-2.30377888679504,798.986450195312
1156.18994140625,0,0,0,100,0,0,16.9146556854248,173.528259277344
115.440002441406,13,0,0,0,84,3,0.850188672542572,735.140319824219
113.870002746582,4,0,0,0,58,38,18.4651336669922,1980.52880859375
140.169998168945,0,0,0,0,100,0,0.568214952945709,763.871459960938
295.209991455078,94,0,0,0,6,0,22.864372253418,514.78515625
315.279998779297,0,0,0,0,100,0,11.8411798477173,1279.94372558594
136.369995117188,7,0,0,0,28,65,13.1508865356445,1673.6162109375
316.269989013672,87,0,0,0,13,0,21.0574283599854,1011.45672607422
21.8199996948242,0,0,0,0,0,100,18.8846397399902,1211.50952148438
54.8199996948242,8,0,0,20,0,71,12.5131340026855,154.577880859375
36.9900016784668,8,0,0,4,0,81,1.04699099063873,740.726318359375
21.8299999237061,0,0,0,0,0,100,10.4790058135986,204.431884765625
97.7200012207031,9,0,0,0,0,91,20.0862598419189,1202.50341796875
45.2400016784668,1,0,0,0,33,66,22.1705207824707,404.262237548828
168.699996948242,1,0,0,0,99,0,21.9531440734863,2384.3671875
12.2799997329712,17,0,0,2,6,75,23.8201160430908,882.658508300781
98.3099975585938,72,0,0,0,28,0,4.86765241622925,449.227630615234
27.9200000762939,51,0,5,0,44,0,23.5050945281982,369.151214599609
307.670013427734,0,0,0,0,100,0,-2.42026281356812,1386.99572753906
288.299987792969,0,0,0,0,100,0,24.6619300842285,859.190979003906
1294.81005859375,100,0,0,0,0,0,16.1337566375732,88.2065811157227
26.9500007629395,51,0,0,0,49,0,26.9577941894531,890.474670410156
57.8800010681152,29,0,4,0,67,0,4.25276136398315,279.348693847656
58.0299987792969,59,0,3,0,38,0,10.1209344863892,941.289978027344
549.510009765625,0,0,0,4,96,0,23.1207618713379,235.406524658203
29.3899993896484,9,0,0,0,91,0,20.9500694274902,1369.56335449219
39.5699996948242,69,0,0,0,31,0,10.3123722076416,924.317260742188
23,31,0,0,0,69,0,26.5300445556641,1740.1728515625
590.210021972656,80,0,0,0,20,0,18.8623943328857,559.116760253906
3.21000003814697,11,0,0,6,0,56,13.0454053878784,1539.60693359375
48.8899993896484,20,0,0,0,48,32,24.4337825775146,1060.51831054688
40.5699996948242,0,0,0,0,1,99,23.3041973114014,1222.02868652344
217.259994506836,0,0,0,0,100,0,20.2626552581787,983.314453125
44.7999992370605,13,0,0,43,0,43,12.1695756912231,175.429244995117
533.849975585938,100,0,0,0,0,0,2.25925731658936,662.780090332031
44.7999992370605,13,0,0,43,0,43,12.2037467956543,173.093383789062
NA,NA,NA,NA,NA,NA,NA,10.5265226364136,193.607299804688
49.9199981689453,21,0,0,1,1,66,5.87212467193604,584.370361328125
NA,NA,NA,NA,NA,NA,NA,18.8904361724854,332.443237304688
140.539993286133,10,0,0,0,38,52,25.1804275512695,707.89013671875
NA,NA,NA,NA,NA,NA,NA,NA,NA
91.1600036621094,35,0,0,0,59,6,18.4535541534424,2155.63403320312
432.230010986328,43,0,0,0,34,23,8.46202564239502,1789.66564941406
461.890014648438,97,0,0,0,3,0,17.3083553314209,915.069641113281
269.850006103516,79,0,0,21,0,0,NA,NA
44.7999992370605,13,0,0,43,0,43,-1.7451239824295,1330.36328125
150.919998168945,75,0,1,0,23,1,NA,NA
48,17,0,0,0,0,83,-1.76022028923035,857.860717773438
44.7999992370605,13,0,0,43,0,43,0.0153799736872315,837.804748535156
35.0400009155273,17,0,0,0,71,12,20.358362197876,1073.23376464844
63.8800010681152,18,0,0,0,0,82,8.68063163757324,333.085968017578
16.6900005340576,4,0,0,2,2,55,14.7098760604858,1226.52307128906
21.5499992370605,0,0,0,0,0,100,9.61255836486816,1019.65667724609
176.009994506836,0,0,0,0,100,0,NA,NA
NA,NA,NA,NA,NA,NA,NA,NA,NA
2.24000000953674,1,0,1,47,0,50,22.4193382263184,731.503601074219
97.4000015258789,92,0,8,0,0,0,8.05438804626465,2449.97631835938
56.5200004577637,0,0,0,0,1,99,19.8304271697998,1414.25
44.7999992370605,13,0,0,43,0,43,10.843695640564,1306.25537109375
49.4700012207031,14,0,0,3,0,83,21.6516513824463,793.442260742188
374.579986572266,100,0,0,0,0,0,19.3153400421143,1168.91369628906
148.910003662109,99,0,0,0,1,0,18.3548851013184,1198.35217285156
202.570007324219,94,0,0,0,6,0,10.3866424560547,1137.54333496094
248.919998168945,65,0,0,0,35,0,20.9011173248291,207.587066650391
601.380004882812,100,0,0,0,0,0,6.80841779708862,1566.2158203125
330.040008544922,0,0,0,0,100,0,21.8152046203613,676.767700195312
501.329986572266,79,0,0,21,0,0,18.0637226104736,661.059997558594
148.910003662109,99,0,0,0,1,0,18.3139457702637,1179.67919921875
222.009994506836,68,0,0,0,32,0,6.21231460571289,1142.25439453125
77.120002746582,91,0,0,0,2,7,17.1458606719971,2269.22216796875
63.4099998474121,37,0,0,0,62,1,11.0735940933228,537.603393554688
130.139999389648,85,0,0,0,15,0,-0.659094095230103,1507.58142089844
163.080001831055,77,0,0,0,19,4,18.3140068054199,2837.173828125
550.650024414062,100,0,0,0,0,0,19.0405216217041,971.090515136719
405.380004882812,77,0,0,0,23,0,-2.86263942718506,1651.72033691406
382.950012207031,63,0,0,0,37,0,14.9528617858887,559.292541503906
133.279998779297,100,0,0,0,0,0,17.4900760650635,1556.13952636719
437.5,73,0,0,0,27,0,19.0162086486816,1792.05810546875
236.320007324219,80,0,0,0,20,0,8.26237964630127,1011.57385253906
236.320007324219,80,0,0,0,20,0,6.02975368499756,489.062377929688
236.320007324219,80,0,0,0,20,0,6.03089094161987,486.140686035156
226.589996337891,0,0,0,0,100,0,20.3402042388916,2377.98046875
243.520004272461,0,0,0,0,100,0,14.6026792526245,107.955154418945
236.259994506836,0,0,0,0,100,0,7.81705713272095,547.543701171875
253.770004272461,0,0,0,0,100,0,2.84088611602783,750.395202636719
245.029998779297,0,0,0,0,100,0,28.0559215545654,543.745666503906
265.720001220703,0,0,0,0,100,0,29.3505802154541,337.062103271484
236.259994506836,0,0,0,0,100,0,16.8841590881348,1457.19653320312
361.230010986328,0,0,0,0,100,0,18.770845413208,1275.71618652344
227.850006103516,0,0,0,0,100,0,24.6400051116943,234.178253173828
243.520004272461,0,0,0,0,100,0,14.6036710739136,108.004943847656
243.220001220703,0,0,0,0,100,0,29.1604671478271,263.262664794922
416.450012207031,39,0,0,0,61,0,28.8499126434326,466.712432861328
226.589996337891,0,0,0,0,100,0,20.3411769866943,2384.96240234375
236.259994506836,0,0,0,0,100,0,25.0129337310791,204.028915405273
246.160003662109,0,0,0,0,100,0,14.6850328445435,100.053749084473
129.669998168945,0,0,0,98,2,0,28.6961631774902,1337.51391601562
224.080001831055,0,0,0,0,100,0,12.3584651947021,772.141052246094
237.820007324219,0,0,0,0,100,0,5.52544498443604,471.764953613281
161.949996948242,0,0,0,0,90,10,9.44630527496338,539.908935546875
219.350006103516,0,0,0,0,100,0,22.3736782073975,917.678039550781
283.160003662109,0,0,0,0,100,0,21.3826313018799,732.812255859375
401.25,58,0,0,0,42,0,16.8443508148193,333.140899658203
423.190002441406,62,0,0,0,38,0,18.5772647857666,1142.39331054688
1.5900000333786,16,0,0,18,17,1,22.9620838165283,794.126953125
316.730010986328,55,0,0,0,44,1,18.7415142059326,1063.9072265625
303.929992675781,95,0,0,0,5,0,21.3237628936768,784.283020019531
154.190002441406,88,0,0,0,12,0,22.5898189544678,957.057434082031
154.190002441406,88,0,0,0,12,0,6.09295558929443,507.447998046875
395.690002441406,41,0,0,0,56,3,15.3778219223022,607.80859375
682.200012207031,100,0,0,0,0,0,10.0265531539917,2329.14306640625
550.830017089844,100,0,0,0,0,0,14.967399597168,766.422119140625
314.5,39,0,0,0,34,27,21.4180774688721,1032.95373535156
484.940002441406,90,0,0,0,10,0,8.04733657836914,1004.06567382812
576.47998046875,77,0,0,0,23,0,5.55911064147949,351.682556152344
284.739990234375,0,0,0,0,100,0,9.42808055877686,1281.00903320312
284.739990234375,0,0,0,0,100,0,9.42798137664795,1261.04028320312
152.889999389648,0,0,0,57,43,0,14.9116640090942,1038.92907714844
211.300003051758,0,0,0,0,35,65,19.2757263183594,787.578186035156
408.230010986328,26,0,0,0,74,0,18.7020606994629,1102.4638671875
651.630004882812,91,0,0,0,9,0,21.7216415405273,1053.93737792969
663,47,0,0,0,53,0,19.1681079864502,947.381164550781
479.809997558594,42,0,0,0,58,0,16.4875564575195,468.629486083984
559.859985351562,34,0,0,0,66,0,22.3135261535645,768.695190429688
479.809997558594,42,0,0,0,58,0,16.4967842102051,464.406372070312
77.4100036621094,3,0,0,0,97,0,NA,NA
55.4099998474121,16,0,0,7,62,0,NA,NA
102.529998779297,39,0,0,0,61,0,NA,NA
89.5,21,0,0,0,79,0,NA,NA
89.5,21,0,0,0,79,0,NA,NA
238.429992675781,49,0,0,0,46,5,14.0787181854248,1250.39343261719
87.4499969482422,11,0,0,0,89,0,NA,NA
501.600006103516,96,0,0,0,4,0,15.4591608047485,1279.90405273438
270.940002441406,84,0,0,0,16,0,5.89088344573975,470.407135009766
501.600006103516,96,0,0,0,4,0,5.64433288574219,375.479400634766
599.619995117188,90,0,0,0,10,0,16.6843566894531,519.024658203125
682.200012207031,100,0,0,0,0,0,-4.8122091293335,1811.32849121094
503.910003662109,68,0,0,0,32,0,19.5728721618652,641.227111816406
381.040008544922,99,0,0,0,1,0,19.8390808105469,1356.69921875
719.400024414062,100,0,0,0,0,0,16.7487144470215,516.252136230469
154.190002441406,88,0,0,0,12,0,15.1100339889526,757.901123046875
85.120002746582,73,0,0,0,14,13,-4.09393453598022,1322.052734375
218.449996948242,100,0,0,0,0,0,9.40042591094971,1354.6220703125
122.870002746582,100,0,0,0,0,0,18.7652969360352,1147.78820800781
163.080001831055,77,0,0,0,19,4,16.984375,256.187408447266
82.1600036621094,35,0,0,0,3,62,22.5018348693848,497.538452148438
462.559997558594,92,0,0,0,8,0,17.7984848022461,1236.06286621094
401.25,58,0,0,0,42,0,16.7943382263184,347.834014892578
487.179992675781,100,0,0,0,0,0,15.7599630355835,1203.94799804688
572.280029296875,99,0,0,0,1,0,9.52305793762207,2598.76342773438
550.650024414062,100,0,0,0,0,0,0.400019317865372,882.314086914062
NA,NA,NA,NA,NA,NA,NA,NA,NA
306.929992675781,100,0,0,0,0,0,14.9714460372925,780.666076660156
23.3999996185303,73,0,3,0,24,0,24.3130588531494,900.526000976562
438.679992675781,95,0,0,5,0,0,NA,NA
550.650024414062,100,0,0,0,0,0,19.6859169006348,1117.06030273438
NA,NA,NA,NA,NA,NA,NA,16.2660350799561,512.008728027344
244.360000610352,100,0,0,0,0,0,19.9458751678467,658.452026367188
339.630004882812,38,0,0,0,62,0,-1.58922290802002,486.605590820312
168.809997558594,2,0,0,0,98,0,10.9037866592407,1296.73266601562
506.309997558594,93,0,0,0,7,0,20.1312294006348,786.749877929688
219.279998779297,0,0,1,59,27,11,NA,NA
514.530029296875,86,0,0,0,14,0,20.5143775939941,1384.72985839844
380.769989013672,71,0,0,0,28,1,8.03302383422852,1151.98937988281
404.130004882812,57,0,0,0,41,2,6.18594264984131,309.971923828125
375.079986572266,100,0,0,0,0,0,20.8308143615723,1578.84619140625
568.789978027344,57,0,0,0,43,0,10.33713722229,2279.43774414062
515.25,81,0,0,0,16,3,10.5894079208374,2261.54345703125
445.880004882812,72,0,0,0,28,0,20.4358425140381,652.236206054688
450.700012207031,73,0,0,0,27,0,20.2939491271973,853.760070800781
613.960021972656,65,0,0,0,35,0,3.58475494384766,690.44287109375
460.119995117188,44,0,0,0,56,0,15.3763027191162,1423.45568847656
524.489990234375,100,0,0,0,0,0,20.5133514404297,679.025512695312
359.579986572266,100,0,0,0,0,0,15.0485229492188,480.186157226562
445.880004882812,72,0,0,0,28,0,9.91098022460938,1138.96313476562
107.089996337891,93,0,0,0,4,3,17.3102416992188,515.213500976562
270.940002441406,84,0,0,0,16,0,8.50598621368408,1394.01232910156
NA,NA,NA,NA,NA,NA,NA,NA,NA
53.7400016784668,2,0,1,15,46,0,NA,NA
53.7400016784668,2,0,1,15,46,0,NA,NA
376.040008544922,100,0,0,0,0,0,NA,NA
180.889999389648,1,0,0,0,99,0,NA,NA
99.1399993896484,14,0,2,1,83,0,NA,NA
99.1399993896484,14,0,2,1,83,0,NA,NA
68.6399993896484,0,0,0,11,62,0,NA,NA
53.7400016784668,2,0,1,15,46,0,NA,NA
314.369995117188,15,0,0,0,85,0,20.9469604492188,526.832092285156
98.5899963378906,15,0,3,37,45,0,NA,NA
90.0800018310547,8,0,1,18,72,0,NA,NA
141,15,0,0,1,84,0,NA,NA
280.690002441406,100,0,0,0,0,0,20.3313770294189,734.580200195312
279.059997558594,34,0,0,3,63,0,NA,NA
250.410003662109,0,0,0,3,97,0,NA,NA
267.190002441406,40,0,0,0,60,0,NA,NA
227.25,16,0,0,0,84,0,NA,NA
241.479995727539,0,0,0,0,100,0,20.2170238494873,935.577209472656
251.039993286133,28,0,0,0,72,0,22.0044040679932,1346.64294433594
158.089996337891,0,0,0,0,93,7,16.7638378143311,755.348083496094
835.650024414062,0,0,0,54,46,0,8.23416900634766,81.0632705688477
760.630004882812,0,0,0,100,0,0,23.8030452728271,166.788024902344
2185.47998046875,2,0,0,78,15,5,18.9432277679443,144.81901550293
75.4300003051758,45,0,0,0,16,39,-1.98401117324829,745.705078125
237.820007324219,0,0,0,0,100,0,16.5895862579346,735.271850585938
77.120002746582,91,0,0,0,2,7,11.7304449081421,505.114379882812
451.230010986328,29,0,0,0,71,0,-2.1218900680542,685.373901367188
407.049987792969,58,0,0,0,42,0,17.8522109985352,1590.40869140625
443.190002441406,61,0,0,0,39,0,20.5659160614014,1026.44140625
108.269996643066,88,0,0,0,7,5,20.425745010376,1412.72912597656
164.869995117188,76,0,0,0,24,0,-2.20401191711426,747.297058105469
288.609985351562,20,1,2,44,32,0,NA,NA
250.509994506836,77,0,0,7,16,0,NA,NA
249.160003662109,96,0,0,4,0,0,NA,NA
262.459991455078,97,0,0,3,0,0,NA,NA
232.639999389648,85,0,2,13,0,0,NA,NA
262.459991455078,97,0,0,3,0,0,NA,NA
226.919998168945,100,0,0,0,0,0,NA,NA
228.039993286133,91,0,0,9,0,0,NA,NA
264.220001220703,0,0,2,1,97,0,25.9836463928223,916.67919921875
228.039993286133,91,0,0,9,0,0,NA,NA
414.429992675781,100,0,0,0,0,0,NA,NA
231.389999389648,100,0,0,0,0,0,NA,NA
382.970001220703,100,0,0,0,0,0,NA,NA
262.459991455078,97,0,0,3,0,0,NA,NA
272.950012207031,100,0,0,0,0,0,NA,NA
213.970001220703,72,0,0,0,28,0,-1.93096244335175,754.227172851562
181.720001220703,84,0,0,0,16,0,23.33544921875,725.00830078125
271.510009765625,71,0,29,0,0,0,23.0269870758057,192.646713256836
209.889999389648,54,0,0,0,46,0,NA,NA
63.8800010681152,18,0,0,0,0,82,8.68923568725586,333.027252197266
274.040008544922,76,0,0,0,16,8,22.0620517730713,3785.95068359375
316.230010986328,59,0,0,0,35,6,-0.0177474413067102,628.767578125
328.450012207031,99,0,0,0,1,0,22.3843879699707,1324.12707519531
361.540008544922,0,0,0,0,100,0,24.8752861022949,1106.28308105469
53.5400009155273,79,0,1,0,10,10,17.6665649414062,662.801391601562
47.0400009155273,5,0,0,0,11,82,13.0533895492554,120.783767700195
2315.3701171875,11,0,0,89,0,0,-2.27806949615479,1095.66687011719
2113.09008789062,0,93,5,2,0,0,15.736289024353,-26.4298458099365
3039.65991210938,15,0,0,85,0,0,11.4545030593872,185.594985961914
36.9900016784668,8,0,0,4,0,81,6.95358896255493,1051.61962890625
182.690002441406,4,0,0,0,91,5,18.3840103149414,1286.26147460938
56.5200004577637,0,0,0,0,1,99,0.415872663259506,796.708801269531
39.4700012207031,10,0,0,0,0,90,23.7274513244629,1218.11279296875
148.220001220703,1,0,0,0,0,99,10.4468765258789,1448.294921875
47.0400009155273,5,0,0,0,11,82,13.0674171447754,121.686325073242
59.7200012207031,4,0,0,0,4,92,6.9643816947937,1061.4501953125
96.4100036621094,5,0,0,0,3,92,-1.58073854446411,1321.22302246094
96.4100036621094,5,0,0,0,3,92,-1.53763282299042,866.286682128906
96.4100036621094,5,0,0,0,3,92,-1.46166932582855,869.250732421875
56.5200004577637,0,0,0,0,1,99,0.275716751813889,801.427795410156
56.5200004577637,0,0,0,0,1,99,0.415693461894989,789.429382324219
148.589996337891,0,0,0,0,100,0,NA,NA
2.74000000953674,30,0,22,24,21,0,26.3873443603516,2169.25024414062
56.5200004577637,0,0,0,0,1,99,0.35121613740921,793.848815917969
16.6900005340576,4,0,0,2,2,55,0.356434851884842,792.336181640625
NA,NA,NA,NA,NA,NA,NA,NA,NA
122.269996643066,96,0,0,0,4,0,11.5654335021973,1081.0048828125
615.780029296875,51,0,0,0,49,0,16.9388771057129,691.52099609375
179.649993896484,95,0,0,0,0,5,18.921501159668,1345.78125
269.149993896484,100,0,0,0,0,0,4.25847387313843,1447.83190917969
170.089996337891,100,0,0,0,0,0,18.9789886474609,308.177062988281
160.850006103516,85,0,0,0,6,9,20.5999794006348,849.711730957031
48,17,0,0,0,0,83,23.6545848846436,900.18896484375
160.850006103516,85,0,0,0,6,9,22.3392848968506,1346.42700195312
386.649993896484,93,0,0,0,4,3,14.7551727294922,533.078430175781
202.380004882812,60,0,0,0,40,0,18.0147972106934,1457.72973632812
192,84,0,1,0,12,3,-0.52651709318161,796.459411621094
145.199996948242,81,0,0,0,8,11,19.4501647949219,472.891418457031
120.830001831055,14,0,0,0,71,15,21.0501232147217,1438.11462402344
476.279998779297,100,0,0,0,0,0,21.6670246124268,1820.07751464844
59.7200012207031,4,0,0,0,4,92,10.2051439285278,253.120956420898
339.589996337891,96,0,0,0,0,4,3.62649631500244,647.487121582031
583.609985351562,0,0,68,32,0,0,10.3521718978882,336.749816894531
117.23999786377,16,0,0,0,0,84,18.3809146881104,1733.28881835938
202.380004882812,60,0,0,0,40,0,21.5046825408936,1209.7685546875
44.7999992370605,13,0,0,43,0,43,0.1855398863554,819.183715820312
133.529998779297,82,0,0,0,0,18,1.88838744163513,355.805786132812
192.460006713867,96,0,0,0,1,3,18.398078918457,1107.23901367188
30.0599994659424,100,0,0,0,0,0,20.1282348632812,1428.88403320312
153.270004272461,100,0,0,0,0,0,21.9752388000488,1370.92858886719
139.820007324219,20,0,0,0,80,0,NA,NA
131.940002441406,13,0,0,0,85,2,NA,NA
90.9499969482422,7,0,4,1,88,0,NA,NA
237.759994506836,83,0,0,0,17,0,3.29242181777954,516.09619140625
90.9499969482422,7,0,4,1,88,0,NA,NA
53.7400016784668,2,0,1,15,46,0,NA,NA
131.070007324219,70,0,2,10,18,0,NA,NA
407.950012207031,93,0,0,0,1,6,13.9424734115601,797.108154296875
438.220001220703,100,0,0,0,0,0,0.387072622776031,336.330139160156
373.190002441406,100,0,0,0,0,0,17.4480648040771,1087.96508789062
642.059997558594,100,0,0,0,0,0,15.1774826049805,826.39599609375
659.299987792969,98,0,0,0,2,0,7.73457765579224,1656.01953125
538.22998046875,97,0,0,0,3,0,20.1820697784424,1497.34680175781
500.630004882812,85,0,0,0,15,0,8.39484977722168,641.961547851562
397.510009765625,34,0,0,0,66,0,20.8877983093262,957.550476074219
488.350006103516,95,0,0,0,5,0,21.2797069549561,1191.40393066406
137.229995727539,9,0,0,0,87,4,11.3906106948853,196.04264831543
489.980010986328,100,0,0,0,0,0,16.8140621185303,1378.02221679688
315.320007324219,100,0,0,0,0,0,9.33994483947754,1514.5947265625
NA,NA,NA,NA,NA,NA,NA,23.1983051300049,700.101684570312
734.52001953125,100,0,0,0,0,0,-3.33443379402161,926.149230957031
711.760009765625,100,0,0,0,0,0,-3.3318178653717,927.777282714844
682.200012207031,100,0,0,0,0,0,-1.93806147575378,2015.88659667969
682.200012207031,100,0,0,0,0,0,16.7056884765625,1131.75146484375
366.480010986328,99,0,0,0,1,0,16.8310585021973,2299.41088867188
682.200012207031,100,0,0,0,0,0,7.90858316421509,1757.90295410156
313.049987792969,12,0,0,0,52,36,5.63323402404785,842.977600097656
313.049987792969,12,0,0,0,52,36,-1.50735652446747,1415.21484375
306.799987792969,34,0,0,0,55,11,20.5879726409912,1267.58862304688
385.799987792969,42,0,0,0,58,0,19.540922164917,2059.52490234375
399.670013427734,24,0,0,0,76,0,16.9126491546631,1641.58654785156
579.010009765625,86,0,0,0,14,0,20.6737613677979,1727.61779785156
462.380004882812,100,0,0,0,0,0,NA,NA
390,97,0,0,0,3,0,19.1938667297363,957.414306640625
340.329986572266,100,0,0,0,0,0,NA,NA
18.5200004577637,0,6,51,14,29,0,28.2638454437256,2604.1015625
258.910003662109,3,0,74,0,2,21,14.9559202194214,252.324127197266
59.7200012207031,4,0,0,0,4,92,6.94771909713745,1060.75622558594
26.8500003814697,53,0,0,0,7,31,-0.818150520324707,904.566528320312
26.8500003814697,53,0,0,0,7,31,NA,NA
43.9700012207031,21,0,0,0,3,76,1.12276458740234,646.778076171875
58.1599998474121,33,0,0,0,4,63,18.8953876495361,2194.23266601562
39.3400001525879,34,0,0,0,44,22,20.2370338439941,1127.03210449219
56.7900009155273,0,0,0,0,94,6,19.4713478088379,2073.04907226562
2207.13989257812,0,0,0,100,0,0,19.5267391204834,193.161239624023
438.579986572266,100,0,0,0,0,0,-0.88268655538559,1963.89074707031
24.9500007629395,28,0,0,0,0,72,1.31093180179596,646.410034179688
19.25,0,0,0,0,4,96,20.4859638214111,1444.59912109375
NA,NA,NA,NA,NA,NA,NA,13.0985383987427,1438.78112792969
7.67999982833862,0,0,0,3,0,69,24.2144680023193,921.772888183594
21.5499992370605,0,0,0,0,0,100,13.0119409561157,1412.98132324219
20.4599990844727,0,0,0,0,0,100,19.7856616973877,955.357360839844
52.7099990844727,15,0,0,0,6,79,5.08843755722046,1247.60412597656
169.699996948242,84,0,0,0,7,9,17.5911121368408,2390.31323242188
268.570007324219,3,0,0,0,97,0,7.80128002166748,1401.70373535156
19.25,0,0,0,0,4,96,20.4901790618896,1444.08911132812
62.7200012207031,6,0,0,0,5,89,12.7793979644775,1318.23156738281
7.67999982833862,0,0,0,3,0,69,12.9898986816406,372.523101806641
62.7200012207031,6,0,0,0,5,89,12.7470006942749,1327.43884277344
41.1100006103516,4,0,0,21,0,73,18.1930713653564,1710.82897949219
62.7200012207031,6,0,0,0,5,89,25.3247737884521,352.440887451172
1720.23999023438,0,0,0,100,0,0,0.0637418478727341,877.856384277344
86.5999984741211,95,0,0,0,0,5,23.5324001312256,1056.69372558594
48.0200004577637,26,0,0,0,1,72,-0.833788394927979,1247.21740722656
572.619995117188,95,0,0,3,2,0,20.1852321624756,1359.60717773438
321,28,0,0,0,40,32,11.212363243103,346.929473876953
47.0400009155273,5,0,0,0,11,82,13.0635080337524,118.600296020508
24.6299991607666,1,0,0,9,4,57,NA,NA
24.6299991607666,1,0,0,9,4,57,-0.921155095100403,1274.14514160156
24.6299991607666,1,0,0,9,4,57,NA,NA
87.9499969482422,22,0,0,0,23,55,18.0772304534912,1824.638671875
153.889999389648,83,0,0,0,1,16,4.63104629516602,632.584594726562
266.140014648438,89,0,0,0,11,0,NA,NA
43.5400009155273,32,0,0,2,0,52,11.7091178894043,1083.37365722656
231.229995727539,96,0,0,0,4,0,19.9792499542236,1418.25903320312
122.269996643066,96,0,0,0,4,0,19.4701023101807,1471.06494140625
306.140014648438,100,0,0,0,0,0,17.8643760681152,2182.76049804688
381.260009765625,83,0,1,15,0,1,9.12376880645752,1459.81982421875
29.5200004577637,6,0,0,0,6,88,24.3054103851318,1115.03698730469
24.6299991607666,1,0,0,9,4,57,NA,NA
24.6299991607666,1,0,0,9,4,57,NA,NA
31.6299991607666,25,0,0,7,3,39,5.88757371902466,591.707214355469
263.820007324219,97,0,0,0,3,0,20.6965942382812,1556.32702636719
175.330001831055,6,0,0,0,94,0,23.2492332458496,832.920593261719
11.4399995803833,53,0,0,10,1,29,21.9838066101074,1285.86950683594
24.6299991607666,1,0,0,9,4,57,NA,NA
23.1000003814697,25,0,0,6,0,51,NA,NA
133.529998779297,82,0,0,0,0,18,16.6353607177734,786.485961914062
26.3999996185303,72,0,0,7,0,10,-1.79701793193817,1275.56518554688
56.4199981689453,3,0,1,0,92,4,NA,NA
122.309997558594,100,0,0,0,0,0,10.9520053863525,1051.27355957031
122.309997558594,100,0,0,0,0,0,10.9520053863525,1051.27355957031
160.020004272461,100,0,0,0,0,0,7.14057731628418,454.792083740234
354.299987792969,48,0,0,0,26,26,16.249397277832,1940.38269042969
105.930000305176,73,0,0,0,7,20,5.43521547317505,1076.47705078125
421.359985351562,100,0,0,0,0,0,21.3627738952637,708.685729980469
111.25,85,0,0,0,15,0,-4.1398777961731,1778.75024414062
111.25,85,0,0,0,15,0,-1.41541481018066,913.668029785156
74.7799987792969,74,0,0,0,22,4,22.5327587127686,696.765869140625
103.879997253418,100,0,0,0,0,0,12.3599939346313,3726.54370117188
159.850006103516,91,0,0,0,8,1,-4.51731204986572,1780.58898925781
159.850006103516,91,0,0,0,8,1,-1.66759967803955,908.670227050781
83.7900009155273,99,0,0,0,1,0,23.171516418457,721.424011230469
190.300003051758,100,0,0,0,0,0,18.4942893981934,686.361511230469
47.9599990844727,40,0,0,0,36,24,-0.80608195066452,1523.90454101562
11.0799999237061,100,0,0,0,0,0,26.4502716064453,1620.6025390625
252.490005493164,100,0,0,0,0,0,15.642186164856,555.124267578125
93.8199996948242,78,0,0,0,22,0,10.5561170578003,574.416809082031
96.9000015258789,84,0,0,0,2,14,20.8932971954346,1504.97314453125
35.7200012207031,44,0,0,4,0,30,-0.739843964576721,899.373474121094
24.9500007629395,28,0,0,0,0,72,9.19904327392578,810.847106933594
108.269996643066,88,0,0,0,7,5,21.1948299407959,1320.59741210938
24.9500007629395,28,0,0,0,0,72,21.2118339538574,508.315734863281
517.969970703125,0,33,0,67,0,0,10.3565454483032,84.5924835205078
764.440002441406,0,26,0,74,0,0,24.4152050018311,296.913635253906
179.050003051758,71,0,0,19,10,0,4.93421792984009,891.459533691406
21.5499992370605,0,0,0,0,0,100,1.52952647209167,702.192993164062
1.12999999523163,13,0,0,30,0,45,20.6723537445068,1352.45520019531
21.8199996948242,0,0,0,0,0,100,1.49507892131805,708.119018554688
9.69999980926514,1,0,0,9,0,53,12.5363178253174,1605.22509765625
172.190002441406,73,0,0,0,27,0,20.8521785736084,1378.5654296875
63.8800010681152,18,0,0,0,0,82,17.9817485809326,2024.70227050781
74.7799987792969,74,0,0,0,22,4,17.8890953063965,1986.67749023438
135.309997558594,77,0,0,0,23,0,6.69845199584961,226.096878051758
75.4300003051758,45,0,0,0,16,39,2.06832909584045,708.337890625
266.220001220703,0,0,0,0,100,0,22.9299945831299,690.2744140625
33.0900001525879,5,0,0,0,5,90,-4.93395328521729,1753.58569335938
136.380004882812,76,0,0,0,24,0,-0.840291142463684,1877.14233398438
160.960006713867,80,0,0,0,20,0,20.3103656768799,1437.73352050781
348.290008544922,95,0,0,0,5,0,20.3772068023682,1438.37756347656
189.850006103516,97,0,0,0,0,3,22.0491809844971,899.542236328125
6.98000001907349,6,0,0,1,0,62,18.7359886169434,1177.97875976562
203.860000610352,11,0,0,28,61,0,20.7761421203613,899.722473144531
41.1100006103516,4,0,0,21,0,73,6.46966505050659,995.953186035156
293.070007324219,98,0,0,0,0,2,8.11812782287598,350.358245849609
408.290008544922,96,0,0,0,4,0,13.7965440750122,332.012420654297
381.959991455078,100,0,0,0,0,0,21.5851631164551,618.259643554688
367.640014648438,77,0,0,23,0,0,NA,NA
367.640014648438,77,0,0,23,0,0,NA,NA
347.209991455078,71,0,0,29,0,0,NA,NA
381.820007324219,97,0,0,0,3,0,NA,NA
380.980010986328,100,0,0,0,0,0,NA,NA
364.890014648438,46,0,0,0,54,0,NA,NA
349.959991455078,53,0,7,32,8,0,NA,NA
369.600006103516,100,0,0,0,0,0,10.2527732849121,1723.19055175781
339.589996337891,96,0,0,0,0,4,18.663257598877,2303.11083984375
202.380004882812,60,0,0,0,40,0,22.2928905487061,1527.53405761719
72.0699996948242,0,0,0,0,100,0,NA,NA
285.779998779297,99,0,0,0,0,1,24.071985244751,570.432739257812
369.600006103516,100,0,0,0,0,0,19.206075668335,433.211303710938
332.980010986328,100,0,0,0,0,0,22.5781440734863,993.583801269531
261.890014648438,43,0,0,0,53,4,17.9376201629639,1528.0146484375
13.1300001144409,0,0,0,0,3,93,18.9311580657959,1220.65002441406
5.34000015258789,0,0,0,0,0,100,24.5942687988281,1283.24584960938
221.550003051758,93,0,0,0,2,5,10.7260522842407,359.205902099609
238.679992675781,47,0,0,0,42,11,15.337381362915,933.330505371094
138.960006713867,12,0,0,0,81,7,3.54855489730835,659.842651367188
187.949996948242,63,0,0,0,37,0,19.3259658813477,1150.76135253906
350.290008544922,89,0,0,0,11,0,18.9819145202637,2434.9970703125
220.940002441406,65,0,0,0,33,2,10.4981107711792,1542.80517578125
356.140014648438,100,0,0,0,0,0,20.8554782867432,908.464294433594
35.7200012207031,44,0,0,4,0,30,NA,NA
275.040008544922,10,0,0,0,81,9,-3.98922991752625,274.516143798828
272.929992675781,26,0,1,0,45,28,-2.54086780548096,863.617004394531
271.200012207031,26,0,0,1,66,7,-2.55980825424194,864.564453125
259.230010986328,0,0,0,0,96,4,0.00887618493288755,278.737518310547
216.160003662109,0,0,0,0,100,0,10.2087526321411,340.913543701172
223.350006103516,0,0,0,0,100,0,22.389404296875,1119.9560546875
572.950012207031,0,0,0,0,100,0,NA,NA
12.9499998092651,33,0,0,0,30,33,16.3153476715088,630.209289550781
251.130004882812,0,0,0,0,100,0,-3.06869196891785,873.39013671875
248.300003051758,0,0,0,0,100,0,-0.0372649393975735,193.697814941406
261.570007324219,0,0,0,0,13,87,21.3850269317627,896.932800292969
256.040008544922,76,0,4,19,0,0,NA,NA
248.619995117188,26,0,13,33,2,0,NA,NA
248.619995117188,26,0,13,33,2,0,NA,NA
249.639999389648,52,0,7,35,0,0,NA,NA
258.290008544922,76,0,19,4,0,0,NA,NA
252.580001831055,63,0,23,11,1,0,NA,NA
253.179992675781,84,0,2,6,0,0,NA,NA
639.489990234375,0,0,0,1,99,0,14.9941701889038,208.627670288086
639.489990234375,0,0,0,1,99,0,15.0183572769165,209.193603515625
576.989990234375,0,0,0,60,34,0,15.0213165283203,209.574401855469
569.630004882812,0,0,0,2,96,0,-6.6467137336731,250.552749633789
537.090026855469,0,0,0,0,100,0,-14.4166765213013,338.436248779297
627.390014648438,0,0,0,0,100,0,15.3337821960449,1203.86950683594
524.559997558594,0,0,0,0,100,0,21.0080490112305,546.805053710938
561.950012207031,0,0,0,0,100,0,7.93518829345703,119.372459411621
538.719970703125,0,0,0,0,100,0,4.76032876968384,384.834411621094
589.679992675781,0,0,0,0,100,0,-14.0286254882812,324.900543212891
672.789978027344,0,0,1,63,36,0,21.9548377990723,448.868225097656
581.380004882812,0,0,0,0,100,0,20.8584823608398,456.495971679688
304.320007324219,0,0,0,0,98,2,22.9275436401367,232.235946655273
1110.97998046875,0,0,0,93,7,0,NA,NA
714.309997558594,0,0,0,0,100,0,16.9902687072754,413.011199951172
714.309997558594,0,0,0,0,100,0,2.80055117607117,520.431579589844
714.309997558594,0,0,0,0,100,0,2.46092891693115,1.20618093013763
683.739990234375,0,0,0,0,100,0,-14.909330368042,629.756286621094
499.630004882812,0,0,0,1,99,0,-14.66455078125,545.371337890625
711.849975585938,0,0,0,5,95,0,15.162691116333,436.212615966797
706.75,0,0,0,0,100,0,2.72060108184814,527.402404785156
722.52001953125,0,0,0,0,100,0,2.36050057411194,1.43391501903534
687.400024414062,0,0,0,13,87,0,-14.6074533462524,630.181945800781
611.030029296875,0,0,0,89,11,0,-14.4385509490967,671.031555175781
682.609985351562,0,0,0,0,100,0,-14.3720293045044,663.25634765625
629.22998046875,0,0,0,39,61,0,14.5207967758179,171.244750976562
700.539978027344,0,0,0,3,97,0,0.937649488449097,383.200714111328
609.599975585938,0,0,0,43,57,0,18.1213226318359,513.262756347656
473.609985351562,0,0,0,0,100,0,NA,NA
654.390014648438,0,0,0,79,21,0,-5.73486185073853,21.4448909759521
680.469970703125,0,0,0,2,98,0,-9.19729518890381,419.296661376953
680.469970703125,0,0,0,2,98,0,-9.19821262359619,419.179443359375
711.849975585938,0,0,0,5,95,0,18.5783195495605,1584.29248046875
671.950012207031,0,0,0,0,100,0,-7.89457607269287,364.888122558594
498.220001220703,0,0,0,0,100,0,14.1911935806274,191.730667114258
650.190002441406,0,0,0,87,13,0,18.3456420898438,401.088928222656
606.359985351562,0,0,2,67,31,0,22.7949199676514,471.999237060547
629.22998046875,0,0,0,39,61,0,0.971976459026337,380.432922363281
591.969970703125,0,0,0,0,100,0,20.0156726837158,556.480895996094
629.22998046875,0,0,0,39,61,0,-1.08752691745758,65.7297515869141
630.72998046875,0,0,0,90,10,0,21.0727958679199,470.606292724609
629.22998046875,0,0,0,39,61,0,-5.29041910171509,343.070739746094
576.989990234375,0,0,0,60,34,0,1.33909392356873,343.689544677734
576.989990234375,0,0,0,60,34,0,9.56337642669678,257.01806640625
621.239990234375,0,0,0,12,88,0,20.8333110809326,313.469116210938
768.940002441406,0,0,0,100,0,0,15.0595188140869,157.534027099609
576.989990234375,0,0,0,60,34,0,1.36953103542328,345.413909912109
453.589996337891,0,0,2,1,97,0,-12.9440116882324,41.4120330810547
680.469970703125,0,0,0,2,98,0,6.07058095932007,374.510437011719
579.989990234375,0,0,0,0,100,0,23.3632698059082,343.136016845703
721.539978027344,0,0,0,0,100,0,0.561620116233826,59.2418632507324
254.660003662109,83,0,0,2,10,0,NA,NA
247.839996337891,17,0,16,63,2,0,NA,NA
446.130004882812,61,0,0,0,39,0,NA,NA
325.910003662109,0,0,0,0,100,0,NA,NA
325.910003662109,0,0,0,0,100,0,NA,NA
325.910003662109,0,0,0,0,100,0,NA,NA
292.929992675781,100,0,0,0,0,0,NA,NA
292.929992675781,100,0,0,0,0,0,NA,NA
217.669998168945,16,0,2,81,0,0,NA,NA
229.509994506836,88,0,3,0,0,0,NA,NA
293.079986572266,100,0,0,0,0,0,NA,NA
252.169998168945,0,0,1,91,8,0,NA,NA
279.359985351562,0,0,0,0,100,0,NA,NA
316.149993896484,0,0,0,0,100,0,NA,NA
309.790008544922,100,0,0,0,0,0,NA,NA
677.489990234375,99,0,0,1,0,0,NA,NA
671.380004882812,100,0,0,0,0,0,NA,NA
263.920013427734,10,0,0,45,45,0,NA,NA
681.849975585938,100,0,0,0,0,0,NA,NA
269.510009765625,0,0,0,0,100,0,NA,NA
262.739990234375,0,0,0,24,76,0,NA,NA
392.260009765625,21,0,3,0,76,0,21.6134147644043,492.493469238281
284.279998779297,0,0,0,0,100,0,NA,NA
260.209991455078,15,1,1,5,72,0,NA,NA
505.640014648438,98,0,0,0,2,0,NA,NA
248.529998779297,0,0,0,80,20,0,NA,NA
245.800003051758,0,0,0,92,0,0,NA,NA
259.440002441406,0,0,0,69,31,0,NA,NA
265.829986572266,0,0,0,0,99,0,NA,NA
246.289993286133,0,0,0,75,19,0,NA,NA
263.269989013672,0,0,0,42,56,0,NA,NA
248.619995117188,26,0,13,33,2,0,NA,NA
254.660003662109,83,0,0,2,10,0,NA,NA
254.660003662109,83,0,0,2,10,0,NA,NA
567.549987792969,100,0,0,0,0,0,NA,NA
604.780029296875,0,0,0,0,100,0,NA,NA
610.640014648438,0,0,0,0,100,0,NA,NA
620.400024414062,0,0,0,0,100,0,NA,NA
604.780029296875,0,0,0,0,100,0,NA,NA
646.940002441406,0,0,0,0,100,0,NA,NA
260.690002441406,2,0,1,46,51,0,NA,NA
260.690002441406,2,0,1,46,51,0,NA,NA
271.399993896484,2,0,0,3,94,0,NA,NA
271.929992675781,4,0,0,4,88,0,NA,NA
274.089996337891,0,0,0,0,100,0,NA,NA
261.5,4,0,0,0,96,0,NA,NA
270.549987792969,5,0,8,0,82,0,NA,NA
271.399993896484,2,0,0,3,94,0,NA,NA
250.210006713867,8,0,41,50,1,0,NA,NA
293.679992675781,0,0,0,0,100,0,NA,NA
263.880004882812,2,0,0,1,97,0,NA,NA
238.449996948242,0,0,0,0,100,0,NA,NA
250.210006713867,8,0,41,50,1,0,NA,NA
247.190002441406,1,0,21,76,1,0,NA,NA
246.110000610352,2,3,8,82,5,0,NA,NA
246.889999389648,0,0,2,85,11,0,NA,NA
248.389999389648,4,1,0,67,20,0,NA,NA
307.450012207031,0,0,0,0,100,0,-6.18269681930542,367.765747070312
244.820007324219,0,0,0,0,100,0,19.9186840057373,759.514526367188
307.779998779297,4,0,0,1,95,0,14.6561994552612,1167.85571289062
225.130004882812,79,0,6,15,0,0,NA,NA
251.850006103516,100,0,0,0,0,0,NA,NA
217.389999389648,7,0,0,93,0,0,NA,NA
258,0,0,0,100,0,0,NA,NA
335.230010986328,43,0,1,0,56,0,NA,NA
271.950012207031,0,0,0,0,100,0,NA,NA
254.360000610352,0,0,0,2,98,0,NA,NA
253.809997558594,98,0,0,0,2,0,4.21050310134888,1014.96484375
229.990005493164,97,0,0,0,0,3,22.5041732788086,1312.78735351562
153.059997558594,58,0,42,0,0,0,26.631196975708,685.212219238281
244.339996337891,11,0,87,0,2,0,6.41906356811523,700.256896972656
195.220001220703,19,0,0,0,36,45,9.19956302642822,287.297088623047
175.559997558594,79,0,0,2,19,0,2.32391214370728,1066.27001953125
256.420013427734,37,0,0,0,63,0,-0.703366100788116,991.002014160156
1152.40002441406,0,0,0,100,0,0,-8.58699703216553,494.441467285156
256.420013427734,37,0,0,0,63,0,18.8229522705078,1255.25219726562
215.350006103516,29,0,0,0,71,0,14.8924522399902,297.391296386719
168.449996948242,0,0,0,98,0,2,14.288613319397,425.296569824219
215.350006103516,29,0,0,0,71,0,14.906343460083,300.994812011719
557.919982910156,0,0,4,96,0,0,15.605619430542,50.8316459655762
216.600006103516,0,0,0,0,100,0,-3.90588569641113,217.376174926758
217.720001220703,0,0,0,0,100,0,8.40928268432617,583.233093261719
1361.57995605469,0,0,0,100,0,0,0.415882438421249,511.673522949219
218.100006103516,0,0,0,0,100,0,1.74363780021667,502.141662597656
261.410003662109,0,0,0,0,100,0,22.7439556121826,1407.31713867188
217.720001220703,0,0,0,0,100,0,10.2352676391602,482.419464111328
211.529998779297,0,0,0,0,100,0,NA,NA
256.420013427734,37,0,0,0,63,0,14.8145055770874,258.903594970703
256.420013427734,37,0,0,0,63,0,14.8105535507202,258.229614257812
267.190002441406,5,0,0,0,95,0,14.8238077163696,232.088882446289
144.630004882812,0,0,0,0,100,0,12.822093963623,2232.83813476562
267.190002441406,5,0,0,0,95,0,5.99734878540039,480.527770996094
231.460006713867,26,0,0,0,74,0,-0.92042464017868,485.928131103516
203.470001220703,0,0,0,0,100,0,23.3250045776367,1134.67919921875
269.630004882812,38,0,0,0,62,0,8.50876522064209,431.762817382812
267.190002441406,5,0,0,0,95,0,-3.43100476264954,978.480712890625
231.860000610352,7,0,85,0,8,0,8.25344276428223,596.923950195312
310.549987792969,100,0,0,0,0,0,18.0010986328125,636.516540527344
252.619995117188,9,0,0,0,91,0,14.8066177368164,257.55810546875
346.5,0,0,0,80,20,0,19.0996990203857,1778.26184082031
230.669998168945,5,0,0,0,95,0,-3.82671284675598,982.878051757812
552.559997558594,0,0,0,49,47,0,-5.08842754364014,198.163772583008
547.609985351562,0,0,2,39,50,0,15.8260488510132,581.898864746094
409.649993896484,0,0,0,0,100,0,16.1251335144043,610.138305664062
457.190002441406,20,0,0,0,80,0,-12.2198362350464,643.197448730469
427.760009765625,0,0,0,0,100,0,14.4472799301147,407.294006347656
496.559997558594,100,0,0,0,0,0,6.18127393722534,834.430603027344
252.619995117188,9,0,0,0,91,0,14.7949151992798,255.558578491211
179.800003051758,3,0,0,0,97,0,19.3638877868652,650.577514648438
360.25,100,0,0,0,0,0,NA,NA
175.559997558594,79,0,0,2,19,0,4.88335084915161,1580.03430175781
270.959991455078,0,0,0,0,100,0,3.79293441772461,1310.13110351562
867.369995117188,79,0,0,0,21,0,-1.13804924488068,710.325439453125
1138.21997070312,98,0,0,0,2,0,5.92357063293457,950.660583496094
187.589996337891,21,0,69,2,8,0,20.7061214447021,1271.32666015625
666.580017089844,93,0,2,0,5,0,17.1852378845215,1127.15490722656
315.670013427734,0,0,0,0,100,0,17.7555656433105,511.155853271484
233.240005493164,23,0,0,0,77,0,-1.49974942207336,588.985656738281
247.589996337891,87,0,0,0,13,0,3.18592643737793,462.964019775391
359.149993896484,42,0,1,0,57,0,-4.84590244293213,181.431381225586
332.260009765625,0,0,0,0,100,0,14.2807607650757,216.113037109375
250.610000610352,82,0,0,0,18,0,4.16453409194946,571.902282714844
220.330001831055,88,0,0,0,12,0,23.2663345336914,1623.77502441406
409.649993896484,0,0,0,0,100,0,16.0968894958496,599.982604980469
285.600006103516,83,0,0,0,17,0,18.4847888946533,351.525207519531
323.75,0,0,0,0,100,0,17.6313209533691,1320.28723144531
39.4700012207031,10,0,0,0,0,90,21.6331825256348,1460.7509765625
41.1100006103516,4,0,0,21,0,73,12.6209659576416,155.092132568359
126.25,55,0,0,0,0,45,23.6368370056152,777.364685058594
41.1100006103516,4,0,0,21,0,73,10.8670797348022,443.348907470703
26.1299991607666,2,0,0,0,0,98,18.9679546356201,806.700317382812
24.2299995422363,2,0,0,0,2,96,18.5072574615479,1097.72106933594
96.4100036621094,5,0,0,0,3,92,0.246735036373138,541.443908691406
361.579986572266,100,0,0,0,0,0,5.96646881103516,924.296081542969
476.279998779297,100,0,0,0,0,0,-0.9541836977005,515.228820800781
361.579986572266,100,0,0,0,0,0,5.94899845123291,927.109375
110.169998168945,78,0,0,0,9,13,15.8818216323853,1152.75048828125
455.399993896484,100,0,0,0,0,0,8.54422664642334,682.858581542969
341.880004882812,97,0,0,0,0,3,-3.3036515712738,1216.56481933594
66.0599975585938,100,0,0,0,0,0,1.07105612754822,841.175842285156
18.4699993133545,69,0,0,0,10,21,-1.91574394702911,1752.23559570312
317.630004882812,95,0,0,0,0,5,8.77096652984619,1336.43347167969
153.270004272461,100,0,0,0,0,0,-0.306914180517197,602.726013183594
153.270004272461,100,0,0,0,0,0,-0.23929800093174,608.445129394531
84.2399978637695,75,0,0,0,0,25,-0.106130160391331,601.628723144531
122.269996643066,96,0,0,0,4,0,-0.224794819951057,603.518310546875
153.889999389648,83,0,0,0,1,16,-0.323535978794098,588.716369628906
43.5400009155273,32,0,0,2,0,52,16.0514984130859,1142.59350585938
96.4100036621094,5,0,0,0,3,92,2.75962352752686,737.954284667969
54.8199996948242,8,0,0,20,0,71,21.6518821716309,1117.57067871094
49.4700012207031,14,0,0,3,0,83,18.0121250152588,1114.01477050781
44.7999992370605,13,0,0,43,0,43,2.55968832969666,1809.75537109375
100.900001525879,0,0,0,0,0,100,17.9279365539551,1041.98706054688
178.389999389648,92,0,0,0,0,8,23.3561191558838,1441.86926269531
NA,NA,NA,NA,NA,NA,NA,18.4916896820068,1067.64099121094
177.550003051758,99,0,0,0,0,1,4.78902912139893,795.024291992188
169.059997558594,34,0,0,0,66,0,-1.44711983203888,966.6328125
200.199996948242,73,0,0,0,26,1,18.1694107055664,959.2333984375
101.98999786377,58,0,0,0,10,32,16.7804069519043,1184.26708984375
502.519989013672,100,0,0,0,0,0,16.8483543395996,1299.59265136719
274.989990234375,88,0,0,0,4,8,10.3407716751099,796.223022460938
269.019989013672,21,0,0,0,78,1,1.03218793869019,699.016662597656
280.369995117188,49,0,0,0,51,0,16.7570247650146,426.206237792969
291.609985351562,56,0,0,2,42,0,12.3057308197021,856.397399902344
306.140014648438,100,0,0,0,0,0,1.53017818927765,665.67529296875
274.989990234375,88,0,0,0,4,8,16.9532222747803,1068.45739746094
205.669998168945,94,0,0,0,0,6,17.1751518249512,1025.34423828125
139.339996337891,91,0,0,0,0,9,3.81786918640137,1516.56640625
207.910003662109,98,0,0,0,0,2,9.89454078674316,485.025177001953
140.990005493164,97,0,0,0,0,3,9.69818019866943,479.161651611328
325.570007324219,0,0,0,0,100,0,NA,NA
145.199996948242,81,0,0,0,8,11,17.0155086517334,1131.44091796875
283.970001220703,95,0,0,0,5,0,15.3130931854248,1026.73095703125
240.220001220703,0,0,0,0,48,52,21.7713108062744,592.573547363281
102.480003356934,59,0,0,0,39,2,18.6708660125732,1881.44458007812
212.710006713867,74,0,0,0,26,0,9.96463012695312,436.172821044922
163.080001831055,77,0,0,0,19,4,10.0156402587891,421.833679199219
163.080001831055,77,0,0,0,19,4,10.0687236785889,411.726684570312
69.3899993896484,27,0,0,4,44,25,-2.13883066177368,943.203918457031
147.570007324219,64,0,0,0,26,10,19.8644828796387,1285.98095703125
241.850006103516,98,0,0,0,2,0,22.0914764404297,1007.70306396484
85.8099975585938,33,0,0,6,8,53,18.0786075592041,968.808044433594
226.410003662109,84,0,0,0,15,1,6.64631938934326,255.841262817383
438.220001220703,100,0,0,0,0,0,-2.60716843605042,933.5810546875
251.259994506836,96,0,0,0,4,0,22.8950328826904,791.262939453125
277.309997558594,29,0,0,0,71,0,6.35454845428467,246.103652954102
243.940002441406,29,0,0,0,71,0,21.59153175354,949.3701171875
352.450012207031,100,0,0,0,0,0,NA,NA
108.269996643066,88,0,0,0,7,5,-2.58590364456177,949.921569824219
110.730003356934,58,0,0,0,35,7,17.7028579711914,999.846069335938
419.290008544922,100,0,0,0,0,0,5.52070236206055,924.210083007812
208.660003662109,0,0,0,0,83,17,23.3323078155518,1479.53955078125
308.880004882812,33,0,0,0,67,0,23.4755668640137,1456.85266113281
69.3899993896484,27,0,0,4,44,25,6.89733839035034,225.701797485352
29.5300006866455,14,0,0,43,0,42,18.8622226715088,1134.10974121094
192,84,0,1,0,12,3,-1.57289183139801,1468.60961914062
264.239990234375,82,0,0,0,18,0,10.4153070449829,365.850830078125
366.480010986328,99,0,0,0,1,0,10.2782020568848,255.830718994141
27.4799995422363,9,0,0,0,0,71,5.66126585006714,1005.35107421875
58.1599998474121,33,0,0,0,4,63,-2.60118460655212,847.5166015625
93.1399993896484,58,0,0,0,0,42,12.3302745819092,342.846893310547
48.6500015258789,34,0,0,7,47,12,15.5016813278198,1271.73168945312
192.460006713867,96,0,0,0,1,3,-3.36988353729248,1398.87109375
205.690002441406,99,0,0,0,0,1,17.3580017089844,1157.77880859375
192.460006713867,96,0,0,0,1,3,-1.45569014549255,919.273864746094
152.710006713867,15,0,0,0,85,0,22.9428043365479,709.79638671875
77.4800033569336,36,0,0,0,63,1,5.91773748397827,363.174713134766
335.100006103516,100,0,0,0,0,0,17.019079208374,943.5517578125
447.190002441406,0,0,0,0,100,0,21.5770664215088,435.310577392578
532.510009765625,100,0,0,0,0,0,-0.359999477863312,523.543212890625
172.449996948242,100,0,0,0,0,0,-0.453190416097641,631.424865722656
192,84,0,1,0,12,3,-1.25183117389679,673.410705566406
160.139999389648,100,0,0,0,0,0,20.7408046722412,1709.16564941406
172.449996948242,100,0,0,0,0,0,18.2107563018799,2927.76123046875
139.339996337891,91,0,0,0,0,9,-0.444252401590347,597.558959960938
23.0200004577637,9,0,0,5,0,61,-1.7234582901001,870.2255859375
23.0200004577637,9,0,0,5,0,61,-0.0223255325108767,788.0146484375
99.9100036621094,100,0,0,0,0,0,12.4052352905273,392.035949707031
62.4300003051758,44,0,0,0,2,54,18.3419952392578,1065.17895507812
NA,NA,NA,NA,NA,NA,NA,NA,NA
139.339996337891,91,0,0,0,0,9,-0.453830689191818,609.196044921875
160.850006103516,85,0,0,0,6,9,0.349161446094513,892.770629882812
2095.07006835938,8,86,1,5,0,0,17.6101016998291,654.429321289062
140.990005493164,97,0,0,0,0,3,18.1342144012451,3126.548828125
153.270004272461,100,0,0,0,0,0,18.2030925750732,3008.44970703125
